ord,Col,Row,Blk,Plot,id,"Clone
Number",Stems,DBHeq,BA,DBH1,DBH2,DBH3,DBH4,DBH5,DBH6,Year,Ht,Canker13
1,1,1,1,1,1,17XGA04,1,5.6,0.171,5.6,,,,,,2013,,0
2,1,2,1,1,1,17XGA04,1,3.2,0.056,3.2,,,,,,2013,,0
3,1,3,1,1,1,17XGA04,2,8.0,0.348,5.5,5.8,,,,,2013,,0
4,1,4,1,1,1,17XGA04,2,4.0,0.085,3.8,1.1,,,,,2013,,0
5,5,13,5,24,1,17XGA04,1,2.9,0.046,2.9,,,,,,2013,,0
6,5,14,5,24,1,17XGA04,2,5.1,0.142,3.9,3.3,,,,,2013,,0
7,5,15,5,24,1,17XGA04,1,6.7,0.245,6.7,,,,,,2013,,0
8,5,16,5,24,1,17XGA04,2,5.0,0.136,4.0,3.0,,,,,2013,,0
9,7,9,3,33,1,17XGA04,2,4.7,0.119,3.5,3.1,,,,,2013,,0
10,7,10,3,33,1,17XGA04,1,3.9,0.083,3.9,,,,,,2013,,0
11,7,11,3,33,1,17XGA04,2,5.9,0.193,4.4,4.0,,,,,2013,,0
12,7,12,3,33,1,17XGA04,NA,0.0,0.000,,,,,,,2013,,0
13,10,5,2,49,1,17XGA04,3,4.8,0.124,3.7,2.4,1.8,,,,2013,,0
14,10,6,2,49,1,17XGA04,1,3.7,0.075,3.7,,,,,,2013,,0
15,10,7,2,49,1,17XGA04,2,4.6,0.115,4.4,1.3,,,,,2013,,0
16,10,8,2,49,1,17XGA04,2,3.0,0.050,2.7,1.4,,,,,2013,,0
17,2,9,4,8,1,18XAG04,2,4.4,0.107,4.2,1.4,,,,,2013,,0
18,2,10,4,8,1,18XAG04,1,6.0,0.196,6.0,,,,,,2013,,0
19,2,11,4,8,1,18XAG04,2,8.2,0.367,5.7,5.9,,,,,2013,,0
20,2,12,4,8,1,18XAG04,2,7.7,0.325,5.7,5.2,,,,,2013,,0
21,4,5,1,19,1,18XAG04,2,6.3,0.217,4.8,4.1,,,,,2013,,0
22,4,6,1,19,1,18XAG04,1,5.6,0.171,5.6,,,,,,2013,,0
23,4,7,1,19,1,18XAG04,2,3.6,0.069,2.8,2.2,,,,,2013,,0
24,4,8,1,19,1,18XAG04,2,6.6,0.236,6.3,1.9,,,,,2013,,0
25,6,9,3,28,1,18XAG04,1,2.5,0.034,2.5,,,,,,2013,,0
26,6,10,3,28,1,18XAG04,2,7.2,0.282,5.9,4.1,,,,,2013,,0
27,6,11,3,28,1,18XAG04,2,1.3,0.009,1.1,0.7,,,,,2013,,0
28,6,12,3,28,1,18XAG04,1,5.7,0.177,5.7,,,,,,2013,,0
29,8,5,2,39,1,18XAG04,1,6.0,0.196,6.0,,,,,,2013,,0
30,8,6,2,39,1,18XAG04,1,2.6,0.037,2.6,,,,,,2013,,0
31,8,7,2,39,1,18XAG04,1,2.2,0.026,2.2,,,,,,2013,,0
32,8,8,2,39,1,18XAG04,3,5.3,0.154,4.3,2.8,1.4,,,,2013,,0
33,3,5,1,12,1,1XTE04,3,6.0,0.194,4.5,3.0,2.5,,,,2013,,0
34,3,6,1,12,1,1XTE04,1,3.3,0.059,3.3,,,,,,2013,,0
35,3,7,1,12,1,1XTE04,2,5.0,0.136,4.0,3.0,,,,,2013,,0
36,3,8,1,12,1,1XTE04,2,5.8,0.184,4.4,3.8,,,,,2013,,0
37,6,13,3,27,1,1XTE04,NA,0.0,0.000,,,,,,,2013,,0
38,6,14,3,27,1,1XTE04,NA,0.0,0.000,,,,,,,2013,,0
39,6,15,3,27,1,1XTE04,NA,0.0,0.000,,,,,,,2013,,0
40,6,16,3,27,1,1XTE04,1,2.9,0.046,2.9,,,,,,2013,,0
41,8,1,2,40,1,1XTE04,1,2.4,0.031,2.4,,,,,,2013,,2
42,8,2,2,40,1,1XTE04,NA,0.0,0.000,,,,,,,2013,,0
43,8,3,2,40,1,1XTE04,1,1.5,0.012,1.5,,,,,,2013,,0
44,8,4,2,40,1,1XTE04,1,2.4,0.031,2.4,,,,,,2013,,0
45,1,9,4,3,1,2XT4E04,NA,0.0,0.000,,,,,,,2013,,0
46,1,10,4,3,1,2XT4E04,NA,0.0,0.000,,,,,,,2013,,0
47,1,11,4,3,1,2XT4E04,NA,0.0,0.000,,,,,,,2013,,0
48,1,12,4,3,1,2XT4E04,NA,0.0,0.000,,,,,,,2013,,0
49,5,5,1,22,1,2XT4E04,NA,0.0,0.000,,,,,,,2013,,0
50,5,6,1,22,1,2XT4E04,NA,0.0,0.000,,,,,,,2013,,0
51,5,7,1,22,1,2XT4E04,NA,0.0,0.000,,,,,,,2013,,0
52,5,8,1,22,1,2XT4E04,NA,0.0,0.000,,,,,,,2013,,0
53,7,5,2,32,1,2XT4E04,NA,0.0,0.000,,,,,,,2013,,0
54,7,6,2,32,1,2XT4E04,NA,0.0,0.000,,,,,,,2013,,0
55,7,7,2,32,1,2XT4E04,1,3.9,0.083,3.9,,,,,,2013,,0
56,7,8,2,32,1,2XT4E04,3,3.0,0.051,2.6,1.3,0.9,,,,2013,,0
57,10,9,3,48,1,2XT4E04,2,3.6,0.071,2.7,2.4,,,,,2013,,0
58,10,10,3,48,1,2XT4E04,NA,0.0,0.000,,,,,,,2013,,0
59,10,11,3,48,1,2XT4E04,2,4.0,0.089,3.1,2.6,,,,,2013,,0
60,10,12,3,48,1,2XT4E04,NA,0.0,0.000,,,,,,,2013,,0
61,2,1,1,10,1,80XAA04,1,9.4,0.482,9.4,,,,,,2013,,0
62,2,2,1,10,1,80XAA04,1,6.8,0.252,6.8,,,,,,2013,,0
63,2,3,1,10,1,80XAA04,1,6.4,0.223,6.4,,,,,,2013,,0
64,2,4,1,10,1,80XAA04,1,3.0,0.049,3.0,,,,,,2013,,0
65,2,17,5,6,1,80XAA04,2,6.1,0.204,4.8,3.8,,,,,2013,,0
66,2,18,5,6,1,80XAA04,1,5.9,0.190,5.9,,,,,,2013,,0
67,2,19,5,6,1,80XAA04,5,8.6,0.402,5.4,4.2,4.0,3.0,1.4,,2013,,0
68,2,20,5,6,1,80XAA04,1,8.0,0.349,8.0,,,,,,2013,,0
69,3,9,4,13,1,80XAA04,3,9.2,0.457,8.1,3.6,2.3,,,,2013,,0
70,3,10,4,13,1,80XAA04,1,4.9,0.131,4.9,,,,,,2013,,0
71,3,11,4,13,1,80XAA04,NA,0.0,0.000,,,,,,,2013,,0
72,3,12,4,13,1,80XAA04,2,10.1,0.556,9.7,2.8,,,,,2013,,0
73,9,5,2,42,1,80XAA04,1,8.6,0.403,8.6,,,,,,2013,,0
74,9,6,2,42,1,80XAA04,1,8.7,0.413,8.7,,,,,,2013,,0
75,9,7,2,42,1,80XAA04,1,7.5,0.307,7.5,,,,,,2013,,0
76,9,8,2,42,1,80XAA04,2,9.3,0.476,6.9,6.3,,,,,2013,,0
77,9,13,3,44,1,80XAA04,2,7.2,0.284,5.2,5.0,,,,,2013,,0
78,9,14,3,44,1,80XAA04,1,6.8,0.252,6.8,,,,,,2013,,0
79,9,15,3,44,1,80XAA04,3,6.6,0.238,5.1,3.7,2.0,,,,2013,,0
80,9,16,3,44,1,80XAA04,1,3.9,0.083,3.9,,,,,,2013,,0
81,10,17,6,46,1,80XAA04,1,7.9,0.340,7.9,,,,,,2013,,0
82,10,18,6,46,1,80XAA04,NA,0.0,0.000,,,,,,,2013,,0
83,10,19,6,46,1,80XAA04,1,5.8,0.183,5.8,,,,,,2013,,0
84,10,20,6,46,1,80XAA04,2,3.8,0.081,3.0,2.4,,,,,2013,,0
85,1,17,5,5,1,81XAA04,2,6.3,0.215,5.8,2.4,,,,,2013,,0
86,1,18,5,5,1,81XAA04,2,9.3,0.472,7.5,5.5,,,,,2013,,0
87,1,19,5,5,1,81XAA04,3,7.9,0.337,6.7,3.4,2.3,,,,2013,,0
88,1,20,5,5,1,81XAA04,1,4.0,0.087,4.0,,,,,,2013,,0
89,2,13,4,7,1,81XAA04,NA,0.0,0.000,,,,,,,2013,,0
90,2,14,4,7,1,81XAA04,1,5.5,0.165,5.5,,,,,,2013,,0
91,2,15,4,7,1,81XAA04,1,2.9,0.046,2.9,,,,,,2013,,0
92,2,16,4,7,1,81XAA04,NA,0.0,0.000,,,,,,,2013,,0
93,5,1,1,21,1,81XAA04,2,2.7,0.040,2.5,1.0,,,,,2013,,0
94,5,2,1,21,1,81XAA04,1,6.9,0.260,6.9,,,,,,2013,,0
95,5,3,1,21,1,81XAA04,1,4.8,0.126,4.8,,,,,,2013,,0
96,5,4,1,21,1,81XAA04,2,10.2,0.566,7.4,7.0,,,,,2013,,0
97,6,1,2,30,1,81XAA04,2,9.2,0.459,8.3,3.9,,,,,2013,,0
98,6,2,2,30,1,81XAA04,1,6.7,0.245,6.7,,,,,,2013,,0
99,6,3,2,30,1,81XAA04,1,7.5,0.307,7.5,,,,,,2013,,0
100,6,4,2,30,1,81XAA04,NA,0.0,0.000,,,,,,,2013,,0
101,7,17,6,35,1,81XAA04,NA,0.0,0.000,,,,,,,2013,,0
102,7,18,6,35,1,81XAA04,1,5.0,0.136,5.0,,,,,,2013,,0
103,7,19,6,35,1,81XAA04,2,4.5,0.109,3.4,2.9,,,,,2013,,0
104,7,20,6,35,1,81XAA04,2,8.0,0.352,7.7,2.3,,,,,2013,,0
105,8,13,3,37,1,81XAA04,2,6.5,0.230,6.3,1.6,,,,,2013,,0
106,8,14,3,37,1,81XAA04,1,5.7,0.177,5.7,,,,,,2013,,0
107,8,15,3,37,1,81XAA04,NA,0.0,0.000,,,,,,,2013,,0
108,8,16,3,37,1,81XAA04,1,3.5,0.067,3.5,,,,,,2013,,0
109,1,5,1,2,1,82XAA04,1,5.8,0.183,5.8,,,,,,2013,,0
110,1,6,1,2,1,82XAA04,1,5.0,0.136,5.0,,,,,,2013,,0
111,1,7,1,2,1,82XAA04,3,8.7,0.410,6.9,4.5,2.7,,,,2013,,0
112,1,8,1,2,1,82XAA04,NA,0.0,0.000,,,,,,,2013,,0
113,3,13,4,14,1,82XAA04,3,7.1,0.273,5.6,3.2,2.9,,,,2013,,0
114,3,14,4,14,1,82XAA04,2,7.3,0.291,7.1,1.7,,,,,2013,,0
115,3,15,4,14,1,82XAA04,2,6.2,0.213,4.8,4.0,,,,,2013,,0
116,3,16,4,14,1,82XAA04,1,6.2,0.210,6.2,,,,,,2013,,0
117,4,17,5,16,1,82XAA04,1,3.5,0.067,3.5,,,,,,2013,,0
118,4,18,5,16,1,82XAA04,3,8.4,0.389,5.9,5.0,3.4,,,,2013,,0
119,4,19,5,16,1,82XAA04,2,6.1,0.206,4.9,3.7,,,,,2013,,0
120,4,20,5,16,1,82XAA04,3,5.7,0.177,4.0,3.1,2.6,,,,2013,,0
121,6,5,2,29,1,82XAA04,1,5.7,0.177,5.7,,,,,,2013,,0
122,6,6,2,29,1,82XAA04,2,7.9,0.339,7.2,3.2,,,,,2013,,0
123,6,7,2,29,1,82XAA04,3,6.9,0.260,6.3,2.4,1.5,,,,2013,,0
124,6,8,2,29,1,82XAA04,2,6.1,0.203,5.8,1.9,,,,,2013,,0
125,6,17,6,26,1,82XAA04,2,4.3,0.101,4.0,1.6,,,,,2013,,0
126,6,18,6,26,1,82XAA04,2,6.8,0.253,5.2,4.4,,,,,2013,,0
127,6,19,6,26,1,82XAA04,1,6.1,0.203,6.1,,,,,,2013,,0
128,6,20,6,26,1,82XAA04,2,7.0,0.269,5.3,4.6,,,,,2013,,0
129,8,9,3,38,1,82XAA04,3,7.3,0.294,6.3,2.9,2.4,,,,2013,,0
130,8,10,3,38,1,82XAA04,1,5.7,0.177,5.7,,,,,,2013,,0
131,8,11,3,38,1,82XAA04,2,7.1,0.273,5.1,4.9,,,,,2013,,0
132,8,12,3,38,1,82XAA04,1,5.9,0.190,5.9,,,,,,2013,,0
133,1,13,4,4,1,83XAA04,4,8.7,0.414,6.5,4.4,3.5,1.4,,,2013,,0
134,1,14,4,4,1,83XAA04,3,9.8,0.520,8.0,5.3,1.8,,,,2013,,0
135,1,15,4,4,1,83XAA04,3,9.4,0.478,5.6,5.5,5.1,,,,2013,,0
136,1,16,4,4,1,83XAA04,2,8.9,0.432,7.9,4.1,,,,,2013,,0
137,3,1,1,11,1,83XAA04,4,8.9,0.433,7.5,4.3,1.7,1.3,,,2013,,0
138,3,2,1,11,1,83XAA04,3,8.4,0.387,6.4,5.1,2.0,,,,2013,,0
139,3,3,1,11,1,83XAA04,2,6.6,0.240,5.3,4.0,,,,,2013,,0
140,3,4,1,11,1,83XAA04,3,9.1,0.448,7.2,5.3,1.5,,,,2013,,0
141,3,17,5,15,1,83XAA04,2,7.5,0.306,6.4,3.9,,,,,2013,,0
142,3,18,5,15,1,83XAA04,1,6.5,0.230,6.5,,,,,,2013,,0
143,3,19,5,15,1,83XAA04,1,5.0,0.136,5.0,,,,,,2013,,0
144,3,20,5,15,1,83XAA04,2,7.4,0.295,5.9,4.4,,,,,2013,,0
145,7,1,2,31,1,83XAA04,2,8.5,0.395,7.8,3.4,,,,,2013,,0
146,7,2,2,31,1,83XAA04,2,8.1,0.355,7.6,2.7,,,,,2013,,0
147,7,3,2,31,1,83XAA04,1,7.4,0.299,7.4,,,,,,2013,,0
148,7,4,2,31,1,83XAA04,1,8.2,0.367,8.2,,,,,,2013,,0
149,7,13,3,34,1,83XAA04,2,8.9,0.430,7.2,5.2,,,,,2013,,0
150,7,14,3,34,1,83XAA04,2,7.5,0.305,6.5,3.7,,,,,2013,,0
151,7,15,3,34,1,83XAA04,2,8.2,0.364,7.9,2.1,,,,,2013,,0
152,7,16,3,34,1,83XAA04,2,9.9,0.534,7.0,7.0,,,,,2013,,0
153,9,17,6,45,1,83XAA04,2,8.4,0.385,6.6,5.2,,,,,2013,,0
154,9,18,6,45,1,83XAA04,4,5.1,0.143,3.7,2.4,1.9,1.8,,,2013,,0
155,9,19,6,45,1,83XAA04,2,7.8,0.333,7.3,2.8,,,,,2013,,0
156,9,20,6,45,1,83XAA04,5,10.6,0.607,6.3,5.9,4.2,3.1,3.1,,2013,,0
157,2,5,1,9,1,84XAA04,4,8.0,0.347,4.4,4.5,4.7,1.4,,,2013,,0
158,2,6,1,9,1,84XAA04,1,6.0,0.196,6.0,,,,,,2013,,0
159,2,7,1,9,1,84XAA04,3,7.7,0.327,5.1,5.0,3.0,,,,2013,,0
160,2,8,1,9,1,84XAA04,2,4.7,0.122,3.4,3.3,,,,,2013,,0
161,4,13,5,17,1,84XAA04,2,5.1,0.140,4.4,2.5,,,,,2013,,0
162,4,14,5,17,1,84XAA04,NA,0.0,0.000,,,,,,,2013,,0
163,4,15,5,17,1,84XAA04,1,7.1,0.275,7.1,,,,,,2013,,0
164,4,16,5,17,1,84XAA04,3,7.7,0.324,5.8,4.1,3.0,,,,2013,,0
165,5,9,4,23,1,84XAA04,1,4.8,0.126,4.8,,,,,,2013,,0
166,5,10,4,23,1,84XAA04,2,4.3,0.099,3.2,2.8,,,,,2013,,0
167,5,11,4,23,1,84XAA04,2,9.7,0.514,7.3,6.4,,,,,2013,,0
168,5,12,4,23,1,84XAA04,1,8.3,0.376,8.3,,,,,,2013,,0
169,8,17,6,36,1,84XAA04,1,6.1,0.203,6.1,,,,,,2013,,0
170,8,18,6,36,1,84XAA04,1,6.6,0.238,6.6,,,,,,2013,,0
171,8,19,6,36,1,84XAA04,NA,0.0,0.000,,,,,,,2013,,0
172,8,20,6,36,1,84XAA04,1,4.5,0.110,4.5,,,,,,2013,,0
173,9,9,3,43,1,84XAA04,2,5.0,0.136,4.8,1.4,,,,,2013,,0
174,9,10,3,43,1,84XAA04,2,7.2,0.281,6.9,2.0,,,,,2013,,0
175,9,11,3,43,1,84XAA04,2,3.4,0.063,2.4,2.4,,,,,2013,,0
176,9,12,3,43,1,84XAA04,1,4.0,0.087,4.0,,,,,,2013,,0
177,10,1,2,50,1,84XAA04,2,9.3,0.473,9.0,2.4,,,,,2013,,0
178,10,2,2,50,1,84XAA04,NA,0.0,0.000,,,,,,,2013,,0
179,10,3,2,50,1,84XAA04,1,5.4,0.159,5.4,,,,,,2013,,0
180,10,4,2,50,1,84XAA04,3,9.0,0.438,6.9,5.4,1.9,,,,2013,,0
181,4,1,1,20,1,85XAA04,NA,0.0,0.000,,,,,,,2013,,0
182,4,2,1,20,1,85XAA04,1,4.4,0.106,4.4,,,,,,2013,,0
183,4,3,1,20,1,85XAA04,NA,0.0,0.000,,,,,,,2013,,0
184,4,4,1,20,1,85XAA04,NA,0.0,0.000,,,,,,,2013,,0
185,4,9,4,18,1,85XAA04,1,1.8,0.018,1.8,,,,,,2013,,0
186,4,10,4,18,1,85XAA04,1,2.7,0.040,2.7,,,,,,2013,,0
187,4,11,4,18,1,85XAA04,NA,0.0,0.000,,,,,,,2013,,0
188,4,12,4,18,1,85XAA04,NA,0.0,0.000,,,,,,,2013,,0
189,5,17,5,25,1,85XAA04,NA,0.0,0.000,,,,,,,2013,,0
190,5,18,5,25,1,85XAA04,1,3.7,0.075,3.7,,,,,,2013,,0
191,5,19,5,25,1,85XAA04,1,1.9,0.020,1.9,,,,,,2013,,0
192,5,20,5,25,1,85XAA04,NA,0.0,0.000,,,,,,,2013,,0
193,9,1,2,41,1,85XAA04,NA,0.0,0.000,,,,,,,2013,,0
194,9,2,2,41,1,85XAA04,NA,0.0,0.000,,,,,,,2013,,0
195,9,3,2,41,1,85XAA04,NA,0.0,0.000,,,,,,,2013,,0
196,9,4,2,41,1,85XAA04,NA,0.0,0.000,,,,,,,2013,,0
197,10,13,3,47,1,85XAA04,1,2.0,0.022,2.0,,,,,,2013,,0
198,10,14,3,47,1,85XAA04,NA,0.0,0.000,,,,,,,2013,,0
199,10,15,3,47,1,85XAA04,NA,0.0,0.000,,,,,,,2013,,0
200,10,16,3,47,1,85XAA04,NA,0.0,0.000,,,,,,,2013,,0
201,11,1,1,51,1,NM6,2,5.4,0.162,4.0,3.7,,,,,2013,,2
202,11,2,1,51,1,NM6,1,7.8,0.332,7.8,,,,,,2013,,2
203,11,3,1,51,1,NM6,1,7.4,0.299,7.4,,,,,,2013,,2
204,11,4,1,51,1,NM6,1,5.3,0.153,5.3,,,,,,2013,,2
205,11,5,2,52,1,NM6,1,6.5,0.230,6.5,,,,,,2013,,2
206,11,6,2,52,1,NM6,1,6.1,0.203,6.1,,,,,,2013,,2
207,11,7,2,52,1,NM6,1,6.7,0.245,6.7,,,,,,2013,,2
208,11,8,2,52,1,NM6,2,9.2,0.462,7.3,5.6,,,,,2013,,2
209,11,9,3,53,1,NM6,NA,0.0,0.000,,,,,,,2013,,0
210,11,10,3,53,1,NM6,2,7.6,0.319,5.7,5.1,,,,,2013,,2
211,11,11,3,53,1,NM6,1,7.7,0.323,7.7,,,,,,2013,,2
212,11,12,3,53,1,NM6,1,8.3,0.376,8.3,,,,,,2013,,0
213,11,13,4,54,1,NM6,1,4.4,0.106,4.4,,,,,,2013,,2
214,11,14,4,54,1,NM6,1,3.6,0.071,3.6,,,,,,2013,,0
215,11,15,4,54,1,NM6,1,5.5,0.165,5.5,,,,,,2013,,2
216,11,16,4,54,1,NM6,1,6.2,0.210,6.2,,,,,,2013,,2
217,11,17,5,55,1,NM6,1,7.3,0.291,7.3,,,,,,2013,,2
218,11,18,5,55,1,NM6,1,6.4,0.223,6.4,,,,,,2013,,2
219,11,19,5,55,1,NM6,1,6.2,0.210,6.2,,,,,,2013,,2
220,11,20,5,55,1,NM6,1,5.9,0.190,5.9,,,,,,2013,,2
221,12,17,6,56,1,NM6,1,6.6,0.238,6.6,,,,,,2013,,2
222,12,18,6,56,1,NM6,4,8.3,0.377,7.5,2.7,1.9,1.4,,,2013,,2
223,12,19,6,56,1,NM6,1,8.2,0.367,8.2,,,,,,2013,,2
224,12,20,6,56,1,NM6,2,6.4,0.220,5.3,3.5,,,,,2013,,2
225,1,1,1,1,2,17XGA04,1,5.0,0.136,5.0,,,,,,2012,32.6,0
226,1,2,1,1,2,17XGA04,1,2.7,0.040,2.7,,,,,,2012,27.2,0
227,1,3,1,1,2,17XGA04,2,7.2,0.280,5.4,4.7,,,,,2012,39.3,0
228,1,4,1,1,2,17XGA04,2,3.4,0.061,3.2,1.0,,,,,2012,35.3,0
229,5,13,5,24,2,17XGA04,1,2.8,0.043,2.8,,,,,,2012,32.9,0
230,5,14,5,24,2,17XGA04,2,5.0,0.134,3.7,3.3,,,,,2012,35.5,0
231,5,15,5,24,2,17XGA04,1,6.7,0.245,6.7,,,,,,2012,39.3,0
232,5,16,5,24,2,17XGA04,2,4.9,0.133,4.0,2.9,,,,,2012,36.6,0
233,7,9,3,33,2,17XGA04,2,4.7,0.119,3.5,3.1,,,,,2012,35.0,0
234,7,10,3,33,2,17XGA04,1,3.9,0.083,3.9,,,,,,2012,39.0,0
235,7,11,3,33,2,17XGA04,2,5.7,0.175,4.2,3.8,,,,,2012,38.1,0
236,7,12,3,33,2,17XGA04,NA,0.0,0.000,,,,,,,2012,,0
237,10,5,2,49,2,17XGA04,3,4.7,0.120,3.6,2.4,1.8,,,,2012,36.5,0
238,10,6,2,49,2,17XGA04,1,3.7,0.075,3.7,,,,,,2012,36.5,0
239,10,7,2,49,2,17XGA04,2,4.5,0.110,4.3,1.3,,,,,2012,43.2,0
240,10,8,2,49,2,17XGA04,2,3.0,0.050,2.7,1.4,,,,,2012,33.3,0
241,2,9,4,8,2,18XAG04,2,3.9,0.081,3.6,1.4,,,,,2012,33.1,0
242,2,10,4,8,2,18XAG04,1,5.4,0.159,5.4,,,,,,2012,37.3,0
243,2,11,4,8,2,18XAG04,2,7.4,0.301,5.5,5.0,,,,,2012,46.0,0
244,2,12,4,8,2,18XAG04,2,7.1,0.278,5.1,5.0,,,,,2012,38.4,0
245,4,5,1,19,2,18XAG04,2,6.2,0.207,4.6,4.1,,,,,2012,43.2,0
246,4,6,1,19,2,18XAG04,1,5.6,0.171,5.6,,,,,,2012,42.0,0
247,4,7,1,19,2,18XAG04,2,3.6,0.069,2.8,2.2,,,,,2012,35.2,0
248,4,8,1,19,2,18XAG04,2,6.4,0.221,6.1,1.8,,,,,2012,39.9,0
249,6,9,3,28,2,18XAG04,1,2.5,0.034,2.5,,,,,,2012,25.4,0
250,6,10,3,28,2,18XAG04,2,6.7,0.245,5.3,4.1,,,,,2012,47.6,0
251,6,11,3,28,2,18XAG04,1,1.1,0.007,1.1,,,,,,2012,9.8,0
252,6,12,3,28,2,18XAG04,1,5.1,0.142,5.1,,,,,,2012,44.4,0
253,8,5,2,39,2,18XAG04,1,5.7,0.177,5.7,,,,,,2012,40.4,0
254,8,6,2,39,2,18XAG04,1,2.6,0.037,2.6,,,,,,2012,25.4,0
255,8,7,2,39,2,18XAG04,1,2.2,0.026,2.2,,,,,,2012,20.5,0
256,8,8,2,39,2,18XAG04,3,5.3,0.154,4.3,2.8,1.4,,,,2012,42.2,0
257,3,5,1,12,2,1XTE04,3,5.6,0.173,4.2,2.8,2.5,,,,2012,42.0,0
258,3,6,1,12,2,1XTE04,1,3.3,0.059,3.3,,,,,,2012,31.2,0
259,3,7,1,12,2,1XTE04,2,4.8,0.128,3.8,3.0,,,,,2012,40.1,0
260,3,8,1,12,2,1XTE04,2,5.8,0.184,4.4,3.8,,,,,2012,39.9,0
261,6,13,3,27,2,1XTE04,NA,0.0,0.000,,,,,,,2012,,0
262,6,14,3,27,2,1XTE04,NA,0.0,0.000,,,,,,,2012,,0
263,6,15,3,27,2,1XTE04,NA,0.0,0.000,,,,,,,2012,,0
264,6,16,3,27,2,1XTE04,1,2.9,0.046,2.9,,,,,,2012,34.7,0
265,8,1,2,40,2,1XTE04,1,2.4,0.031,2.4,,,,,,2012,26.4,2
266,8,2,2,40,2,1XTE04,NA,0.0,0.000,,,,,,,2012,,0
267,8,3,2,40,2,1XTE04,1,1.5,0.012,1.5,,,,,,2012,18.2,0
268,8,4,2,40,2,1XTE04,1,2.4,0.031,2.4,,,,,,2012,26.3,0
269,1,9,4,3,2,2XT4E04,NA,0.0,0.000,,,,,,,2012,,0
270,1,10,4,3,2,2XT4E04,NA,0.0,0.000,,,,,,,2012,,0
271,1,11,4,3,2,2XT4E04,NA,0.0,0.000,,,,,,,2012,,0
272,1,12,4,3,2,2XT4E04,NA,0.0,0.000,,,,,,,2012,,0
273,5,5,1,22,2,2XT4E04,NA,0.0,0.000,,,,,,,2012,,0
274,5,6,1,22,2,2XT4E04,NA,0.0,0.000,,,,,,,2012,,0
275,5,7,1,22,2,2XT4E04,NA,0.0,0.000,,,,,,,2012,,0
276,5,8,1,22,2,2XT4E04,NA,0.0,0.000,,,,,,,2012,,0
277,7,5,2,32,2,2XT4E04,1,0.8,0.003,0.8,,,,,,2012,,0
278,7,6,2,32,2,2XT4E04,NA,0.0,0.000,,,,,,,2012,,0
279,7,7,2,32,2,2XT4E04,1,3.6,0.071,3.6,,,,,,2012,34.7,0
280,7,8,2,32,2,2XT4E04,3,3.0,0.051,2.6,1.3,0.9,,,,2012,33.8,0
281,10,9,3,48,2,2XT4E04,2,3.6,0.071,2.7,2.4,,,,,2012,33.7,0
282,10,10,3,48,2,2XT4E04,NA,0.0,0.000,,,,,,,2012,,0
283,10,11,3,48,2,2XT4E04,2,4.0,0.086,3.0,2.6,,,,,2012,35.6,0
284,10,12,3,48,2,2XT4E04,NA,0.0,0.000,,,,,,,2012,,0
285,2,1,1,10,2,80XAA04,1,8.3,0.376,8.3,,,,,,2012,44.7,0
286,2,2,1,10,2,80XAA04,1,6.0,0.196,6.0,,,,,,2012,38.2,0
287,2,3,1,10,2,80XAA04,1,5.7,0.177,5.7,,,,,,2012,38.9,0
288,2,4,1,10,2,80XAA04,1,2.8,0.043,2.8,,,,,,2012,32.8,0
289,2,17,5,6,2,80XAA04,2,5.5,0.165,4.4,3.3,,,,,2012,39.1,0
290,2,18,5,6,2,80XAA04,1,5.4,0.159,5.4,,,,,,2012,36.3,0
291,2,19,5,6,2,80XAA04,5,8.2,0.365,4.8,4.2,3.9,3.0,1.4,,2012,38.5,0
292,2,20,5,6,2,80XAA04,1,6.8,0.252,6.8,,,,,,2012,37.1,0
293,3,9,4,13,2,80XAA04,3,8.6,0.408,7.7,2.3,3.2,,,,2012,41.5,0
294,3,10,4,13,2,80XAA04,1,4.6,0.115,4.6,,,,,,2012,37.4,0
295,3,11,4,13,2,80XAA04,NA,0.0,0.000,,,,,,,2012,,0
296,3,12,4,13,2,80XAA04,2,9.4,0.485,9.0,2.8,,,,,2012,43.0,0
297,9,5,2,42,2,80XAA04,1,7.8,0.332,7.8,,,,,,2012,48.3,0
298,9,6,2,42,2,80XAA04,1,7.9,0.340,7.9,,,,,,2012,40.5,0
299,9,7,2,42,2,80XAA04,1,7.2,0.283,7.2,,,,,,2012,41.6,0
300,9,8,2,42,2,80XAA04,2,8.7,0.414,6.5,5.8,,,,,2012,39.9,0
301,9,13,3,44,2,80XAA04,2,6.6,0.236,4.7,4.6,,,,,2012,37.9,0
302,9,14,3,44,2,80XAA04,1,6.2,0.210,6.2,,,,,,2012,34.7,0
303,9,15,3,44,2,80XAA04,3,6.3,0.220,4.9,3.5,2.0,,,,2012,29.9,0
304,9,16,3,44,2,80XAA04,1,3.8,0.079,3.8,,,,,,2012,31.8,0
305,10,17,6,46,2,80XAA04,1,6.9,0.260,6.9,,,,,,2012,39.7,0
306,10,18,6,46,2,80XAA04,NA,0.0,0.000,,,,,,,2012,,0
307,10,19,6,46,2,80XAA04,1,5.8,0.183,5.8,,,,,,2012,31.9,0
308,10,20,6,46,2,80XAA04,2,3.6,0.071,2.7,2.4,,,,,2012,26.7,0
309,1,17,5,5,2,81XAA04,2,5.7,0.179,5.2,2.4,,,,,2012,36.8,0
310,1,18,5,5,2,81XAA04,2,8.3,0.376,6.7,4.9,,,,,2012,37.3,0
311,1,19,5,5,2,81XAA04,3,7.1,0.272,5.9,3.2,2.2,,,,2012,35.0,0
312,1,20,5,5,2,81XAA04,1,3.7,0.075,3.7,,,,,,2012,26.0,0
313,2,13,4,7,2,81XAA04,NA,0.0,0.000,,,,,,,2012,,0
314,2,14,4,7,2,81XAA04,1,4.6,0.115,4.6,,,,,,2012,40.0,0
315,2,15,4,7,2,81XAA04,1,2.8,0.043,2.8,,,,,,2012,25.3,0
316,2,16,4,7,2,81XAA04,NA,0.0,0.000,,,,,,,2012,,0
317,5,1,1,21,2,81XAA04,2,2.7,0.040,2.5,1.0,,,,,2012,26.8,0
318,5,2,1,21,2,81XAA04,1,6.7,0.245,6.7,,,,,,2012,39.5,0
319,5,3,1,21,2,81XAA04,1,4.7,0.120,4.7,,,,,,2012,39.8,0
320,5,4,1,21,2,81XAA04,2,9.8,0.528,7.3,6.6,,,,,2012,37.6,0
321,6,1,2,30,2,81XAA04,2,8.9,0.437,8.1,3.8,,,,,2012,42.6,0
322,6,2,2,30,2,81XAA04,1,6.7,0.245,6.7,,,,,,2012,43.0,0
323,6,3,2,30,2,81XAA04,1,6.0,0.196,6.0,,,,,,2012,41.4,0
324,6,4,2,30,2,81XAA04,NA,0.0,0.000,,,,,,,2012,,0
325,7,17,6,35,2,81XAA04,NA,0.0,0.000,,,,,,,2012,,0
326,7,18,6,35,2,81XAA04,1,4.8,0.126,4.8,,,,,,2012,36.5,0
327,7,19,6,35,2,81XAA04,2,4.5,0.109,3.4,2.9,,,,,2012,36.1,0
328,7,20,6,35,2,81XAA04,2,7.5,0.304,7.1,2.3,,,,,2012,48.7,0
329,8,13,3,37,2,81XAA04,2,6.0,0.197,5.8,1.6,,,,,2012,43.4,0
330,8,14,3,37,2,81XAA04,1,5.2,0.147,5.2,,,,,,2012,43.9,0
331,8,15,3,37,2,81XAA04,NA,0.0,0.000,,,,,,,2012,,0
332,8,16,3,37,2,81XAA04,1,3.5,0.067,3.5,,,,,,2012,31.4,0
333,1,5,1,2,2,82XAA04,1,5.4,0.159,5.4,,,,,,2012,39.5,0
334,1,6,1,2,2,82XAA04,1,4.2,0.096,4.2,,,,,,2012,36.0,0
335,1,7,1,2,2,82XAA04,3,7.5,0.305,5.8,4.0,2.5,,,,2012,38.8,0
336,1,8,1,2,2,82XAA04,NA,0.0,0.000,,,,,,,2012,,0
337,3,13,4,14,2,82XAA04,3,6.2,0.212,4.5,3.2,2.9,,,,2012,32.7,0
338,3,14,4,14,2,82XAA04,2,6.7,0.246,6.5,1.7,,,,,2012,41.2,0
339,3,15,4,14,2,82XAA04,2,5.6,0.171,4.2,3.7,,,,,2012,35.9,0
340,3,16,4,14,2,82XAA04,1,6.2,0.210,6.2,,,,,,2012,39.5,0
341,4,17,5,16,2,82XAA04,1,3.5,0.067,3.5,,,,,,2012,33.1,0
342,4,18,5,16,2,82XAA04,3,7.6,0.315,5.0,4.6,3.4,,,,2012,43.5,0
343,4,19,5,16,2,82XAA04,2,5.9,0.187,4.7,3.5,,,,,2012,43.8,0
344,4,20,5,16,2,82XAA04,3,5.7,0.177,4.0,3.1,2.6,,,,2012,40.4,0
345,6,5,2,29,2,82XAA04,1,5.6,0.171,5.6,,,,,,2012,33.1,0
346,6,6,2,29,2,82XAA04,2,7.7,0.327,7.1,3.1,,,,,2012,37.5,0
347,6,7,2,29,2,82XAA04,3,6.6,0.240,6.0,2.4,1.5,,,,2012,36.4,0
348,6,8,2,29,2,82XAA04,2,5.3,0.152,5.0,1.7,,,,,2012,43.1,0
349,6,17,6,26,2,82XAA04,2,4.3,0.101,4.0,1.6,,,,,2012,34.7,0
350,6,18,6,26,2,82XAA04,2,6.1,0.202,4.4,4.2,,,,,2012,37.4,0
351,6,19,6,26,2,82XAA04,1,5.6,0.171,5.6,,,,,,2012,35.5,0
352,6,20,6,26,2,82XAA04,2,6.7,0.242,5.0,4.4,,,,,2012,34.6,0
353,8,9,3,38,2,82XAA04,3,6.7,0.246,5.6,2.9,2.3,,,,2012,41.3,0
354,8,10,3,38,2,82XAA04,1,5.6,0.171,5.6,,,,,,2012,37.3,0
355,8,11,3,38,2,82XAA04,2,6.9,0.257,5.0,4.7,,,,,2012,39.4,0
356,8,12,3,38,2,82XAA04,1,5.6,0.171,5.6,,,,,,2012,39.5,0
357,1,13,4,4,2,83XAA04,4,7.5,0.309,5.8,3.5,3.0,1.3,,,2012,38.1,0
358,1,14,4,4,2,83XAA04,3,8.5,0.393,6.9,4.6,1.8,,,,2012,44.2,0
359,1,15,4,4,2,83XAA04,3,8.5,0.395,5.3,4.9,4.5,,,,2012,40.5,0
360,1,16,4,4,2,83XAA04,2,7.9,0.342,7.1,3.5,,,,,2012,42.9,0
361,3,1,1,11,2,83XAA04,3,7.4,0.299,6.5,3.2,1.5,,,,2012,38.1,0
362,3,2,1,11,2,83XAA04,3,8.1,0.359,6.3,4.7,2.0,,,,2012,40.4,0
363,3,3,1,11,2,83XAA04,2,6.2,0.209,4.8,3.9,,,,,2012,43.6,0
364,3,4,1,11,2,83XAA04,3,8.6,0.406,6.8,5.1,1.5,,,,2012,42.1,0
365,3,17,5,15,2,83XAA04,2,7.1,0.275,6.0,3.8,,,,,2012,40.7,0
366,3,18,5,15,2,83XAA04,1,6.4,0.223,6.4,,,,,,2012,41.7,0
367,3,19,5,15,2,83XAA04,1,4.8,0.126,4.8,,,,,,2012,40.0,0
368,3,20,5,15,2,83XAA04,2,6.6,0.235,5.2,4.0,,,,,2012,47.9,0
369,7,1,2,31,2,83XAA04,2,7.3,0.294,6.7,3.0,,,,,2012,39.6,0
370,7,2,2,31,2,83XAA04,2,7.7,0.320,7.2,2.6,,,,,2012,41.3,0
371,7,3,2,31,2,83XAA04,1,6.5,0.230,6.5,,,,,,2012,40.5,0
372,7,4,2,31,2,83XAA04,1,7.8,0.332,7.8,,,,,,2012,41.2,0
373,7,13,3,34,2,83XAA04,2,8.4,0.383,6.8,4.9,,,,,2012,46.8,0
374,7,14,3,34,2,83XAA04,2,7.2,0.280,6.2,3.6,,,,,2012,41.7,0
375,7,15,3,34,2,83XAA04,2,7.5,0.305,7.2,2.0,,,,,2012,44.5,0
376,7,16,3,34,2,83XAA04,2,8.8,0.426,6.4,6.1,,,,,2012,42.7,0
377,9,17,6,45,2,83XAA04,2,7.6,0.312,6.0,4.6,,,,,2012,37.7,0
378,9,18,6,45,2,83XAA04,4,5.1,0.143,3.7,2.4,1.9,1.8,,,2012,31.1,0
379,9,19,6,45,2,83XAA04,2,7.2,0.280,6.6,2.8,,,,,2012,36.1,0
380,9,20,6,45,2,83XAA04,5,9.8,0.528,5.9,5.6,3.8,3.0,2.7,,2012,36.2,0
381,2,5,1,9,2,84XAA04,4,7.1,0.271,4.1,4.0,3.9,1.3,,,2012,45.6,0
382,2,6,1,9,2,84XAA04,1,5.4,0.159,5.4,,,,,,2012,39.5,0
383,2,7,1,9,2,84XAA04,3,7.2,0.283,5.0,4.3,2.9,,,,2012,34.6,0
384,2,8,1,9,2,84XAA04,2,4.2,0.096,3.2,2.7,,,,,2012,27.6,0
385,4,13,5,17,2,84XAA04,2,4.7,0.121,4.0,2.5,,,,,2012,35.5,0
386,4,14,5,17,2,84XAA04,NA,0.0,0.000,,,,,,,2012,,0
387,4,15,5,17,2,84XAA04,1,6.8,0.252,6.8,,,,,,2012,43.3,0
388,4,16,5,17,2,84XAA04,3,7.6,0.312,5.8,3.9,2.9,,,,2012,37.1,0
389,5,9,4,23,2,84XAA04,1,4.6,0.115,4.6,,,,,,2012,37.8,0
390,5,10,4,23,2,84XAA04,2,4.0,0.086,3.0,2.6,,,,,2012,37.4,0
391,5,11,4,23,2,84XAA04,2,8.6,0.401,6.4,5.7,,,,,2012,42.1,0
392,5,12,4,23,2,84XAA04,1,7.1,0.275,7.1,,,,,,2012,43.2,0
393,8,17,6,36,2,84XAA04,1,5.7,0.177,5.7,,,,,,2012,39.9,0
394,8,18,6,36,2,84XAA04,1,6.2,0.210,6.2,,,,,,2012,41.1,0
395,8,19,6,36,2,84XAA04,NA,0.0,0.000,,,,,,,2012,,0
396,8,20,6,36,2,84XAA04,1,4.1,0.092,4.1,,,,,,2012,40.6,0
397,9,9,3,43,2,84XAA04,2,4.8,0.126,4.6,1.4,,,,,2012,37.5,0
398,9,10,3,43,2,84XAA04,2,6.5,0.229,6.2,1.9,,,,,2012,38.4,0
399,9,11,3,43,2,84XAA04,2,3.4,0.063,2.4,2.4,,,,,2012,32.1,0
400,9,12,3,43,2,84XAA04,1,3.9,0.083,3.9,,,,,,2012,34.6,0
401,10,1,2,50,2,84XAA04,2,8.3,0.380,8.1,2.0,,,,,2012,38.5,0
402,10,2,2,50,2,84XAA04,1,1.2,0.008,1.2,,,,,,2012,12.9,0
403,10,3,2,50,2,84XAA04,1,5.2,0.147,5.2,,,,,,2012,39.7,0
404,10,4,2,50,2,84XAA04,3,8.1,0.357,6.3,4.7,1.9,,,,2012,40.0,0
405,4,1,1,20,2,85XAA04,NA,0.0,0.000,,,,,,,2012,,0
406,4,2,1,20,2,85XAA04,1,4.2,0.096,4.2,,,,,,2012,38.4,0
407,4,3,1,20,2,85XAA04,NA,0.0,0.000,,,,,,,2012,,0
408,4,4,1,20,2,85XAA04,NA,0.0,0.000,,,,,,,2012,,0
409,4,9,4,18,2,85XAA04,1,1.8,0.018,1.8,,,,,,2012,21.6,0
410,4,10,4,18,2,85XAA04,1,2.7,0.040,2.7,,,,,,2012,31.3,0
411,4,11,4,18,2,85XAA04,NA,0.0,0.000,,,,,,,2012,,0
412,4,12,4,18,2,85XAA04,NA,0.0,0.000,,,,,,,2012,,0
413,5,17,5,25,2,85XAA04,NA,0.0,0.000,,,,,,,2012,,0
414,5,18,5,25,2,85XAA04,1,3.7,0.075,3.7,,,,,,2012,38.3,0
415,5,19,5,25,2,85XAA04,1,1.9,0.020,1.9,,,,,,2012,21.8,0
416,5,20,5,25,2,85XAA04,NA,0.0,0.000,,,,,,,2012,,0
417,9,1,2,41,2,85XAA04,NA,0.0,0.000,,,,,,,2012,,0
418,9,2,2,41,2,85XAA04,1,1.9,0.020,1.9,,,,,,2012,17.4,0
419,9,3,2,41,2,85XAA04,NA,0.0,0.000,,,,,,,2012,,0
420,9,4,2,41,2,85XAA04,NA,0.0,0.000,,,,,,,2012,,0
421,10,13,3,47,2,85XAA04,1,2.0,0.022,2.0,,,,,,2012,23.1,0
422,10,14,3,47,2,85XAA04,NA,0.0,0.000,,,,,,,2012,,0
423,10,15,3,47,2,85XAA04,NA,0.0,0.000,,,,,,,2012,,0
424,10,16,3,47,2,85XAA04,1,1.3,0.009,1.3,,,,,,2012,17.6,0
425,11,1,1,51,2,NM6,2,5.4,0.162,4.0,3.7,,,,,2012,27.3,0
426,11,2,1,51,2,NM6,1,7.3,0.291,7.3,,,,,,2012,33.8,2
427,11,3,1,51,2,NM6,1,7.4,0.299,7.4,,,,,,2012,34.7,2
428,11,4,1,51,2,NM6,1,4.9,0.131,4.9,,,,,,2012,34.9,2
429,11,5,2,52,2,NM6,1,5.9,0.190,5.9,,,,,,2012,33.4,2
430,11,6,2,52,2,NM6,1,5.5,0.165,5.5,,,,,,2012,36.4,0
431,11,7,2,52,2,NM6,1,5.9,0.190,5.9,,,,,,2012,32.8,2
432,11,8,2,52,2,NM6,2,8.9,0.433,7.3,5.1,,,,,2012,36.0,0
433,11,9,3,53,2,NM6,NA,0.0,0.000,,,,,,,2012,,0
434,11,10,3,53,2,NM6,2,6.9,0.262,5.0,4.8,,,,,2012,38.4,2
435,11,11,3,53,2,NM6,1,6.7,0.245,6.7,,,,,,2012,38.9,2
436,11,12,3,53,2,NM6,1,7.8,0.332,7.8,,,,,,2012,42.4,0
437,11,13,4,54,2,NM6,1,4.4,0.106,4.4,,,,,,2012,37.3,0
438,11,14,4,54,2,NM6,1,3.4,0.063,3.4,,,,,,2012,30.9,0
439,11,15,4,54,2,NM6,1,5.4,0.159,5.4,,,,,,2012,35.3,0
440,11,16,4,54,2,NM6,1,5.8,0.183,5.8,,,,,,2012,37.4,2
441,11,17,5,55,2,NM6,1,6.9,0.260,6.9,,,,,,2012,39.2,0
442,11,18,5,55,2,NM6,1,6.4,0.223,6.4,,,,,,2012,39.1,0
443,11,19,5,55,2,NM6,1,5.8,0.183,5.8,,,,,,2012,42.0,0
444,11,20,5,55,2,NM6,1,5.3,0.153,5.3,,,,,,2012,38.6,0
445,12,17,6,56,2,NM6,1,6.0,0.196,6.0,,,,,,2012,40.0,0
446,12,18,6,56,2,NM6,4,8.0,0.350,7.2,2.6,1.9,1.4,,,2012,32.8,2
447,12,19,6,56,2,NM6,1,7.2,0.283,7.2,,,,,,2012,34.5,2
448,12,20,6,56,2,NM6,2,6.3,0.214,5.2,3.5,,,,,2012,34.2,2
449,1,1,1,1,3,17XGA04,NA,0.0,0.000,,,,,,,2011.0,,
450,1,2,1,1,3,17XGA04,NA,0.0,0.000,,,,,,,2011.0,,
451,1,3,1,1,3,17XGA04,NA,0.0,0.000,,,,,,,2011.0,,
452,1,4,1,1,3,17XGA04,NA,0.0,0.000,,,,,,,2011.0,,
453,5,13,5,24,3,17XGA04,NA,0.0,0.000,,,,,,,2011.0,,
454,5,14,5,24,3,17XGA04,NA,0.0,0.000,,,,,,,2011.0,,
455,5,15,5,24,3,17XGA04,NA,0.0,0.000,,,,,,,2011.0,,
456,5,16,5,24,3,17XGA04,NA,0.0,0.000,,,,,,,2011.0,,
457,7,9,3,33,3,17XGA04,NA,0.0,0.000,,,,,,,2011.0,,
458,7,10,3,33,3,17XGA04,NA,0.0,0.000,,,,,,,2011.0,,
459,7,11,3,33,3,17XGA04,NA,0.0,0.000,,,,,,,2011.0,,
460,7,12,3,33,3,17XGA04,NA,0.0,0.000,,,,,,,2011.0,,
461,10,5,2,49,3,17XGA04,NA,0.0,0.000,,,,,,,2011.0,,
462,10,6,2,49,3,17XGA04,NA,0.0,0.000,,,,,,,2011.0,,
463,10,7,2,49,3,17XGA04,NA,0.0,0.000,,,,,,,2011.0,,
464,10,8,2,49,3,17XGA04,NA,0.0,0.000,,,,,,,2011.0,,
465,2,9,4,8,3,18XAG04,NA,0.0,0.000,,,,,,,2011.0,,
466,2,10,4,8,3,18XAG04,NA,0.0,0.000,,,,,,,2011.0,,
467,2,11,4,8,3,18XAG04,NA,0.0,0.000,,,,,,,2011.0,,
468,2,12,4,8,3,18XAG04,NA,0.0,0.000,,,,,,,2011.0,,
469,4,5,1,19,3,18XAG04,NA,0.0,0.000,,,,,,,2011.0,,
470,4,6,1,19,3,18XAG04,NA,0.0,0.000,,,,,,,2011.0,,
471,4,7,1,19,3,18XAG04,NA,0.0,0.000,,,,,,,2011.0,,
472,4,8,1,19,3,18XAG04,NA,0.0,0.000,,,,,,,2011.0,,
473,6,9,3,28,3,18XAG04,NA,0.0,0.000,,,,,,,2011.0,,
474,6,10,3,28,3,18XAG04,NA,0.0,0.000,,,,,,,2011.0,,
475,6,11,3,28,3,18XAG04,NA,0.0,0.000,,,,,,,2011.0,,
476,6,12,3,28,3,18XAG04,NA,0.0,0.000,,,,,,,2011.0,,
477,8,5,2,39,3,18XAG04,NA,0.0,0.000,,,,,,,2011.0,,
478,8,6,2,39,3,18XAG04,NA,0.0,0.000,,,,,,,2011.0,,
479,8,7,2,39,3,18XAG04,NA,0.0,0.000,,,,,,,2011.0,,
480,8,8,2,39,3,18XAG04,NA,0.0,0.000,,,,,,,2011.0,,
481,3,5,1,12,3,1XTE04,NA,0.0,0.000,,,,,,,2011.0,,
482,3,6,1,12,3,1XTE04,NA,0.0,0.000,,,,,,,2011.0,,
483,3,7,1,12,3,1XTE04,NA,0.0,0.000,,,,,,,2011.0,,
484,3,8,1,12,3,1XTE04,NA,0.0,0.000,,,,,,,2011.0,,
485,6,13,3,27,3,1XTE04,NA,0.0,0.000,,,,,,,2011.0,,
486,6,14,3,27,3,1XTE04,NA,0.0,0.000,,,,,,,2011.0,,
487,6,15,3,27,3,1XTE04,NA,0.0,0.000,,,,,,,2011.0,,
488,6,16,3,27,3,1XTE04,NA,0.0,0.000,,,,,,,2011.0,,
489,8,1,2,40,3,1XTE04,NA,0.0,0.000,,,,,,,2011.0,,
490,8,2,2,40,3,1XTE04,NA,0.0,0.000,,,,,,,2011.0,,
491,8,3,2,40,3,1XTE04,NA,0.0,0.000,,,,,,,2011.0,,
492,8,4,2,40,3,1XTE04,NA,0.0,0.000,,,,,,,2011.0,,
493,1,9,4,3,3,2XT4E04,NA,0.0,0.000,,,,,,,2011.0,,
494,1,10,4,3,3,2XT4E04,NA,0.0,0.000,,,,,,,2011.0,,
495,1,11,4,3,3,2XT4E04,NA,0.0,0.000,,,,,,,2011.0,,
496,1,12,4,3,3,2XT4E04,NA,0.0,0.000,,,,,,,2011.0,,
497,5,5,1,22,3,2XT4E04,NA,0.0,0.000,,,,,,,2011.0,,
498,5,6,1,22,3,2XT4E04,NA,0.0,0.000,,,,,,,2011.0,,
499,5,7,1,22,3,2XT4E04,NA,0.0,0.000,,,,,,,2011.0,,
500,5,8,1,22,3,2XT4E04,NA,0.0,0.000,,,,,,,2011.0,,
501,7,5,2,32,3,2XT4E04,NA,0.0,0.000,,,,,,,2011.0,,
502,7,6,2,32,3,2XT4E04,NA,0.0,0.000,,,,,,,2011.0,,
503,7,7,2,32,3,2XT4E04,NA,0.0,0.000,,,,,,,2011.0,,
504,7,8,2,32,3,2XT4E04,NA,0.0,0.000,,,,,,,2011.0,,
505,10,9,3,48,3,2XT4E04,NA,0.0,0.000,,,,,,,2011.0,,
506,10,10,3,48,3,2XT4E04,NA,0.0,0.000,,,,,,,2011.0,,
507,10,11,3,48,3,2XT4E04,NA,0.0,0.000,,,,,,,2011.0,,
508,10,12,3,48,3,2XT4E04,NA,0.0,0.000,,,,,,,2011.0,,
509,2,1,1,10,3,80XAA04,1,7.7,0.323,7.7,,,,,,2011.0,,
510,2,2,1,10,3,80XAA04,1,5.1,0.142,5.1,,,,,,2011.0,,
511,2,3,1,10,3,80XAA04,1,5.2,0.147,5.2,,,,,,2011.0,,
512,2,4,1,10,3,80XAA04,1,2.6,0.037,2.6,,,,,,2011.0,,
513,2,17,5,6,3,80XAA04,2,4.8,0.124,3.7,3.0,,,,,2011.0,,
514,2,18,5,6,3,80XAA04,1,4.8,0.126,4.8,,,,,,2011.0,,
515,2,19,5,6,3,80XAA04,5,7.5,0.307,4.5,3.7,3.7,2.6,1.4,,2011.0,,
516,2,20,5,6,3,80XAA04,4,6.3,0.215,6.0,1.5,0.9,0.6,,,2011.0,,
517,3,9,4,13,3,80XAA04,4,7.9,0.341,7.0,3.0,2.0,0.7,,,2011.0,,
518,3,10,4,13,3,80XAA04,1,4.6,0.115,4.6,,,,,,2011.0,,
519,3,11,4,13,3,80XAA04,2,2.5,0.034,1.9,1.6,,,,,2011.0,,
520,3,12,4,13,3,80XAA04,2,8.4,0.386,8.0,2.6,,,,,2011.0,,
521,9,5,2,42,3,80XAA04,1,7.2,0.283,7.2,,,,,,2011.0,,
522,9,6,2,42,3,80XAA04,1,7.3,0.291,7.3,,,,,,2011.0,,
523,9,7,2,42,3,80XAA04,1,6.3,0.216,6.3,,,,,,2011.0,,
524,9,8,2,42,3,80XAA04,2,7.7,0.320,5.8,5.0,,,,,2011.0,,
525,9,13,3,44,3,80XAA04,2,5.9,0.188,4.2,4.1,,,,,2011.0,,
526,9,14,3,44,3,80XAA04,1,5.7,0.177,5.7,,,,,,2011.0,,
527,9,15,3,44,3,80XAA04,3,5.3,0.156,4.0,3.0,1.9,,,,2011.0,,
528,9,16,3,44,3,80XAA04,1,3.3,0.059,3.3,,,,,,2011.0,,
529,10,17,6,46,3,80XAA04,1,6.3,0.216,6.3,,,,,,2011.0,,
530,10,18,6,46,3,80XAA04,NA,0.0,0.000,,,,,,,2011.0,,
531,10,19,6,46,3,80XAA04,1,4.5,0.110,4.5,,,,,,2011.0,,
532,10,20,6,46,3,80XAA04,2,3.1,0.053,2.2,2.2,,,,,2011.0,,
533,1,17,5,5,3,81XAA04,NA,0.0,0.000,,,,,,,2011.0,,
534,1,18,5,5,3,81XAA04,NA,0.0,0.000,,,,,,,2011.0,,
535,1,19,5,5,3,81XAA04,NA,0.0,0.000,,,,,,,2011.0,,
536,1,20,5,5,3,81XAA04,NA,0.0,0.000,,,,,,,2011.0,,
537,2,13,4,7,3,81XAA04,NA,0.0,0.000,,,,,,,2011.0,,
538,2,14,4,7,3,81XAA04,NA,0.0,0.000,,,,,,,2011.0,,
539,2,15,4,7,3,81XAA04,NA,0.0,0.000,,,,,,,2011.0,,
540,2,16,4,7,3,81XAA04,NA,0.0,0.000,,,,,,,2011.0,,
541,5,1,1,21,3,81XAA04,NA,0.0,0.000,,,,,,,2011.0,,
542,5,2,1,21,3,81XAA04,NA,0.0,0.000,,,,,,,2011.0,,
543,5,3,1,21,3,81XAA04,NA,0.0,0.000,,,,,,,2011.0,,
544,5,4,1,21,3,81XAA04,NA,0.0,0.000,,,,,,,2011.0,,
545,6,1,2,30,3,81XAA04,NA,0.0,0.000,,,,,,,2011.0,,
546,6,2,2,30,3,81XAA04,NA,0.0,0.000,,,,,,,2011.0,,
547,6,3,2,30,3,81XAA04,NA,0.0,0.000,,,,,,,2011.0,,
548,6,4,2,30,3,81XAA04,NA,0.0,0.000,,,,,,,2011.0,,
549,7,17,6,35,3,81XAA04,NA,0.0,0.000,,,,,,,2011.0,,
550,7,18,6,35,3,81XAA04,NA,0.0,0.000,,,,,,,2011.0,,
551,7,19,6,35,3,81XAA04,NA,0.0,0.000,,,,,,,2011.0,,
552,7,20,6,35,3,81XAA04,NA,0.0,0.000,,,,,,,2011.0,,
553,8,13,3,37,3,81XAA04,NA,0.0,0.000,,,,,,,2011.0,,
554,8,14,3,37,3,81XAA04,NA,0.0,0.000,,,,,,,2011.0,,
555,8,15,3,37,3,81XAA04,NA,0.0,0.000,,,,,,,2011.0,,
556,8,16,3,37,3,81XAA04,NA,0.0,0.000,,,,,,,2011.0,,
557,1,5,1,2,3,82XAA04,NA,0.0,0.000,,,,,,,2011.0,,
558,1,6,1,2,3,82XAA04,NA,0.0,0.000,,,,,,,2011.0,,
559,1,7,1,2,3,82XAA04,NA,0.0,0.000,,,,,,,2011.0,,
560,1,8,1,2,3,82XAA04,NA,0.0,0.000,,,,,,,2011.0,,
561,3,13,4,14,3,82XAA04,NA,0.0,0.000,,,,,,,2011.0,,
562,3,14,4,14,3,82XAA04,NA,0.0,0.000,,,,,,,2011.0,,
563,3,15,4,14,3,82XAA04,NA,0.0,0.000,,,,,,,2011.0,,
564,3,16,4,14,3,82XAA04,NA,0.0,0.000,,,,,,,2011.0,,
565,4,17,5,16,3,82XAA04,NA,0.0,0.000,,,,,,,2011.0,,
566,4,18,5,16,3,82XAA04,NA,0.0,0.000,,,,,,,2011.0,,
567,4,19,5,16,3,82XAA04,NA,0.0,0.000,,,,,,,2011.0,,
568,4,20,5,16,3,82XAA04,NA,0.0,0.000,,,,,,,2011.0,,
569,6,5,2,29,3,82XAA04,NA,0.0,0.000,,,,,,,2011.0,,
570,6,6,2,29,3,82XAA04,NA,0.0,0.000,,,,,,,2011.0,,
571,6,7,2,29,3,82XAA04,NA,0.0,0.000,,,,,,,2011.0,,
572,6,8,2,29,3,82XAA04,NA,0.0,0.000,,,,,,,2011.0,,
573,6,17,6,26,3,82XAA04,NA,0.0,0.000,,,,,,,2011.0,,
574,6,18,6,26,3,82XAA04,NA,0.0,0.000,,,,,,,2011.0,,
575,6,19,6,26,3,82XAA04,NA,0.0,0.000,,,,,,,2011.0,,
576,6,20,6,26,3,82XAA04,NA,0.0,0.000,,,,,,,2011.0,,
577,8,9,3,38,3,82XAA04,NA,0.0,0.000,,,,,,,2011.0,,
578,8,10,3,38,3,82XAA04,NA,0.0,0.000,,,,,,,2011.0,,
579,8,11,3,38,3,82XAA04,NA,0.0,0.000,,,,,,,2011.0,,
580,8,12,3,38,3,82XAA04,NA,0.0,0.000,,,,,,,2011.0,,
581,1,13,4,4,3,83XAA04,3,6.8,0.249,5.2,3.1,3.0,,,,2011.0,,
582,1,14,4,4,3,83XAA04,3,7.7,0.324,6.2,4.2,1.8,,,,2011.0,,
583,1,15,4,4,3,83XAA04,3,7.7,0.327,4.7,4.5,4.2,,,,2011.0,,
584,1,16,4,4,3,83XAA04,2,6.9,0.259,6.1,3.2,,,,,2011.0,,
585,3,1,1,11,3,83XAA04,4,7.2,0.286,6.2,3.3,1.4,1.1,,,2011.0,,
586,3,2,1,11,3,83XAA04,3,7.2,0.280,5.6,4.0,2.0,,,,2011.0,,
587,3,3,1,11,3,83XAA04,2,5.6,0.171,4.2,3.7,,,,,2011.0,,
588,3,4,1,11,3,83XAA04,3,7.6,0.316,6.0,4.5,1.3,,,,2011.0,,
589,3,17,5,15,3,83XAA04,2,6.2,0.209,5.3,3.2,,,,,2011.0,,
590,3,18,5,15,3,83XAA04,1,5.9,0.190,5.9,,,,,,2011.0,,
591,3,19,5,15,3,83XAA04,1,4.2,0.096,4.2,,,,,,2011.0,,
592,3,20,5,15,3,83XAA04,2,5.7,0.178,4.6,3.4,,,,,2011.0,,
593,7,1,2,31,3,83XAA04,2,6.3,0.218,5.8,2.5,,,,,2011.0,,
594,7,2,2,31,3,83XAA04,2,6.5,0.229,6.1,2.2,,,,,2011.0,,
595,7,3,2,31,3,83XAA04,1,6.2,0.210,6.2,,,,,,2011.0,,
596,7,4,2,31,3,83XAA04,1,7.0,0.267,7.0,,,,,,2011.0,,
597,7,13,3,34,3,83XAA04,2,7.7,0.320,6.4,4.2,,,,,2011.0,,
598,7,14,3,34,3,83XAA04,2,6.7,0.247,5.8,3.4,,,,,2011.0,,
599,7,15,3,34,3,83XAA04,2,7.3,0.289,7.0,2.0,,,,,2011.0,,
600,7,16,3,34,3,83XAA04,2,7.8,0.330,5.6,5.4,,,,,2011.0,,
601,9,17,6,45,3,83XAA04,2,7.1,0.277,5.6,4.4,,,,,2011.0,,
602,9,18,6,45,3,83XAA04,3,4.4,0.108,3.3,2.2,2.0,,,,2011.0,,
603,9,19,6,45,3,83XAA04,2,6.5,0.230,6.0,2.5,,,,,2011.0,,
604,9,20,6,45,3,83XAA04,5,7.5,0.307,4.9,3.6,3.2,2.4,1.8,,2011.0,,
605,2,5,1,9,3,84XAA04,NA,0.0,0.000,,,,,,,2011.0,,
606,2,6,1,9,3,84XAA04,NA,0.0,0.000,,,,,,,2011.0,,
607,2,7,1,9,3,84XAA04,NA,0.0,0.000,,,,,,,2011.0,,
608,2,8,1,9,3,84XAA04,NA,0.0,0.000,,,,,,,2011.0,,
609,4,13,5,17,3,84XAA04,NA,0.0,0.000,,,,,,,2011.0,,
610,4,14,5,17,3,84XAA04,NA,0.0,0.000,,,,,,,2011.0,,
611,4,15,5,17,3,84XAA04,NA,0.0,0.000,,,,,,,2011.0,,
612,4,16,5,17,3,84XAA04,NA,0.0,0.000,,,,,,,2011.0,,
613,5,9,4,23,3,84XAA04,NA,0.0,0.000,,,,,,,2011.0,,
614,5,10,4,23,3,84XAA04,NA,0.0,0.000,,,,,,,2011.0,,
615,5,11,4,23,3,84XAA04,NA,0.0,0.000,,,,,,,2011.0,,
616,5,12,4,23,3,84XAA04,NA,0.0,0.000,,,,,,,2011.0,,
617,8,17,6,36,3,84XAA04,NA,0.0,0.000,,,,,,,2011.0,,
618,8,18,6,36,3,84XAA04,NA,0.0,0.000,,,,,,,2011.0,,
619,8,19,6,36,3,84XAA04,NA,0.0,0.000,,,,,,,2011.0,,
620,8,20,6,36,3,84XAA04,NA,0.0,0.000,,,,,,,2011.0,,
621,9,9,3,43,3,84XAA04,NA,0.0,0.000,,,,,,,2011.0,,
622,9,10,3,43,3,84XAA04,NA,0.0,0.000,,,,,,,2011.0,,
623,9,11,3,43,3,84XAA04,NA,0.0,0.000,,,,,,,2011.0,,
624,9,12,3,43,3,84XAA04,NA,0.0,0.000,,,,,,,2011.0,,
625,10,1,2,50,3,84XAA04,NA,0.0,0.000,,,,,,,2011.0,,
626,10,2,2,50,3,84XAA04,NA,0.0,0.000,,,,,,,2011.0,,
627,10,3,2,50,3,84XAA04,NA,0.0,0.000,,,,,,,2011.0,,
628,10,4,2,50,3,84XAA04,NA,0.0,0.000,,,,,,,2011.0,,
629,4,1,1,20,3,85XAA04,NA,0.0,0.000,,,,,,,2011.0,,
630,4,2,1,20,3,85XAA04,NA,0.0,0.000,,,,,,,2011.0,,
631,4,3,1,20,3,85XAA04,NA,0.0,0.000,,,,,,,2011.0,,
632,4,4,1,20,3,85XAA04,NA,0.0,0.000,,,,,,,2011.0,,
633,4,9,4,18,3,85XAA04,NA,0.0,0.000,,,,,,,2011.0,,
634,4,10,4,18,3,85XAA04,NA,0.0,0.000,,,,,,,2011.0,,
635,4,11,4,18,3,85XAA04,NA,0.0,0.000,,,,,,,2011.0,,
636,4,12,4,18,3,85XAA04,NA,0.0,0.000,,,,,,,2011.0,,
637,5,17,5,25,3,85XAA04,NA,0.0,0.000,,,,,,,2011.0,,
638,5,18,5,25,3,85XAA04,NA,0.0,0.000,,,,,,,2011.0,,
639,5,19,5,25,3,85XAA04,NA,0.0,0.000,,,,,,,2011.0,,
640,5,20,5,25,3,85XAA04,NA,0.0,0.000,,,,,,,2011.0,,
641,9,1,2,41,3,85XAA04,NA,0.0,0.000,,,,,,,2011.0,,
642,9,2,2,41,3,85XAA04,NA,0.0,0.000,,,,,,,2011.0,,
643,9,3,2,41,3,85XAA04,NA,0.0,0.000,,,,,,,2011.0,,
644,9,4,2,41,3,85XAA04,NA,0.0,0.000,,,,,,,2011.0,,
645,10,13,3,47,3,85XAA04,NA,0.0,0.000,,,,,,,2011.0,,
646,10,14,3,47,3,85XAA04,NA,0.0,0.000,,,,,,,2011.0,,
647,10,15,3,47,3,85XAA04,NA,0.0,0.000,,,,,,,2011.0,,
648,10,16,3,47,3,85XAA04,NA,0.0,0.000,,,,,,,2011.0,,
649,11,1,1,51,3,NM6,2,4.9,0.132,3.9,3.0,,,,,2011.0,,
650,11,2,1,51,3,NM6,1,6.2,0.210,6.2,,,,,,2011.0,,
651,11,3,1,51,3,NM6,1,5.9,0.190,5.9,,,,,,2011.0,,
652,11,4,1,51,3,NM6,1,4.5,0.110,4.5,,,,,,2011.0,,
653,11,5,2,52,3,NM6,1,4.8,0.126,4.8,,,,,,2011.0,,
654,11,6,2,52,3,NM6,1,4.9,0.131,4.9,,,,,,2011.0,,
655,11,7,2,52,3,NM6,1,5.7,0.177,5.7,,,,,,2011.0,,
656,11,8,2,52,3,NM6,2,8.1,0.358,6.8,4.4,,,,,2011.0,,
657,11,9,3,53,3,NM6,NA,0.0,0.000,,,,,,,2011.0,,
658,11,10,3,53,3,NM6,1,4.4,0.103,4.4,,,,,,2011.0,,
659,11,11,3,53,3,NM6,1,6.3,0.216,6.3,,,,,,2011.0,,
660,11,12,3,53,3,NM6,1,7.6,0.315,7.6,,,,,,2011.0,,
661,11,13,4,54,3,NM6,1,4.4,0.106,4.4,,,,,,2011.0,,
662,11,14,4,54,3,NM6,1,3.3,0.059,3.3,,,,,,2011.0,,
663,11,15,4,54,3,NM6,1,5.1,0.142,5.1,,,,,,2011.0,,
664,11,16,4,54,3,NM6,1,5.6,0.171,5.6,,,,,,2011.0,,
665,11,17,5,55,3,NM6,1,6.7,0.245,6.7,,,,,,2011.0,,
666,11,18,5,55,3,NM6,1,6.0,0.196,6.0,,,,,,2011.0,,
667,11,19,5,55,3,NM6,1,5.8,0.183,5.8,,,,,,2011.0,,
668,11,20,5,55,3,NM6,1,5.3,0.153,5.3,,,,,,2011.0,,
669,12,17,6,56,3,NM6,1,3.4,0.061,3.4,,,,,,2011.0,,
670,12,18,6,56,3,NM6,4,6.4,0.223,5.7,2.0,1.7,1.2,,,2011.0,,
671,12,19,6,56,3,NM6,1,6.7,0.245,6.7,,,,,,2011.0,,
672,12,20,6,56,3,NM6,2,5.3,0.153,4.5,2.8,,,,,2011.0,,
673,1,1,1,1,4,17XGA04,1,2.8,0.043,2.8,,,,,,2010.0,,0
674,1,2,1,1,4,17XGA04,1,2.0,0.022,2.0,,,,,,2010.0,,0
675,1,3,1,1,4,17XGA04,2,4.6,0.115,3.3,3.2,,,,,2010.0,,0
676,1,4,1,1,4,17XGA04,2,2.7,0.040,2.6,0.8,,,,,2010.0,,0
677,5,13,5,24,4,17XGA04,1,2.0,0.022,2.0,,,,,,2010.0,,0
678,5,14,5,24,4,17XGA04,2,3.7,0.074,2.6,2.6,,,,,2010.0,,0
679,5,15,5,24,4,17XGA04,2,4.7,0.122,4.6,1.1,,,,,2010.0,,0
680,5,16,5,24,4,17XGA04,2,4.2,0.094,3.4,2.4,,,,,2010.0,,0
681,7,9,3,33,4,17XGA04,2,3.5,0.066,2.5,2.4,,,,,2010.0,,0
682,7,10,3,33,4,17XGA04,1,3.0,0.049,3.0,,,,,,2010.0,,0
683,7,11,3,33,4,17XGA04,2,3.9,0.083,2.9,2.6,,,,,2010.0,,0
684,7,12,3,33,4,17XGA04,NA,0.0,0.000,,,,,,,2010.0,,0
685,10,5,2,49,4,17XGA04,3,3.6,0.073,2.6,2.0,1.6,,,,2010.0,,0
686,10,6,2,49,4,17XGA04,3,3.1,0.054,2.7,1.4,0.8,,,,2010.0,,0
687,10,7,2,49,4,17XGA04,2,3.6,0.070,3.3,1.4,,,,,2010.0,,0
688,10,8,2,49,4,17XGA04,2,2.7,0.040,2.3,1.4,,,,,2010.0,,0
689,2,9,4,8,4,18XAG04,3,3.1,0.054,2.8,1.2,0.8,,,,2010.0,,0
690,2,10,4,8,4,18XAG04,1,4.1,0.092,4.1,,,,,,2010.0,,0
691,2,11,4,8,4,18XAG04,2,5.5,0.162,4.1,3.6,,,,,2010.0,,0
692,2,12,4,8,4,18XAG04,2,5.7,0.179,4.1,4.0,,,,,2010.0,,0
693,4,5,1,19,4,18XAG04,2,5.0,0.134,3.7,3.3,,,,,2010.0,,0
694,4,6,1,19,4,18XAG04,1,3.9,0.083,3.9,,,,,,2010.0,,0
695,4,7,1,19,4,18XAG04,2,2.9,0.046,2.2,1.9,,,,,2010.0,,0
696,4,8,1,19,4,18XAG04,3,5.0,0.134,4.6,1.7,0.7,,,,2010.0,,0
697,6,9,3,28,4,18XAG04,1,1.9,0.020,1.9,,,,,,2010.0,,0
698,6,10,3,28,4,18XAG04,2,5.2,0.146,3.9,3.4,,,,,2010.0,,0
699,6,11,3,28,4,18XAG04,3,1.2,0.008,1.0,0.5,0.4,,,,2010.0,,0
700,6,12,3,28,4,18XAG04,1,4.0,0.087,4.0,,,,,,2010.0,,0
701,8,5,2,39,4,18XAG04,1,4.0,0.087,4.0,,,,,,2010.0,,0
702,8,6,2,39,4,18XAG04,1,1.9,0.020,1.9,,,,,,2010.0,,0
703,8,7,2,39,4,18XAG04,2,1.9,0.020,1.8,0.7,,,,,2010.0,,0
704,8,8,2,39,4,18XAG04,3,3.9,0.085,3.0,2.2,1.3,,,,2010.0,,0
705,3,5,1,12,4,1XTE04,3,4.7,0.121,3.1,3.0,1.9,,,,2010.0,,0
706,3,6,1,12,4,1XTE04,1,2.6,0.037,2.6,,,,,,2010.0,,0
707,3,7,1,12,4,1XTE04,2,3.6,0.071,2.7,2.4,,,,,2010.0,,0
708,3,8,1,12,4,1XTE04,2,4.0,0.089,3.0,2.7,,,,,2010.0,,0
709,6,13,3,27,4,1XTE04,NA,0.0,0.000,,,,,,,2010.0,,
710,6,14,3,27,4,1XTE04,NA,0.0,0.000,,,,,,,2010.0,,
711,6,15,3,27,4,1XTE04,NA,0.0,0.000,,,,,,,2010.0,,
712,6,16,3,27,4,1XTE04,1,2.0,0.022,2.0,,,,,,2010.0,,0
713,8,1,2,40,4,1XTE04,1,1.8,0.018,1.8,,,,,,2010.0,,0
714,8,2,2,40,4,1XTE04,NA,0.0,0.000,,,,,,,2010.0,,
715,8,3,2,40,4,1XTE04,1,0.9,0.004,0.9,,,,,,2010.0,,0
716,8,4,2,40,4,1XTE04,1,1.7,0.016,1.7,,,,,,2010.0,,0
717,1,9,4,3,4,2XT4E04,NA,0.0,0.000,,,,,,,2010.0,,
718,1,10,4,3,4,2XT4E04,NA,0.0,0.000,,,,,,,2010.0,,
719,1,11,4,3,4,2XT4E04,NA,0.0,0.000,,,,,,,2010.0,,
720,1,12,4,3,4,2XT4E04,NA,0.0,0.000,,,,,,,2010.0,,
721,5,5,1,22,4,2XT4E04,NA,0.0,0.000,,,,,,,2010.0,,
722,5,6,1,22,4,2XT4E04,NA,0.0,0.000,,,,,,,2010.0,,
723,5,7,1,22,4,2XT4E04,NA,0.0,0.000,,,,,,,2010.0,,
724,5,8,1,22,4,2XT4E04,NA,0.0,0.000,,,,,,,2010.0,,
725,7,5,2,32,4,2XT4E04,2,0.7,0.002,0.6,0.3,,,,,2010.0,,0
726,7,6,2,32,4,2XT4E04,NA,0.0,0.000,,,,,,,2010.0,,
727,7,7,2,32,4,2XT4E04,1,2.5,0.034,2.5,,,,,,2010.0,,0
728,7,8,2,32,4,2XT4E04,3,2.2,0.027,1.8,1.1,0.7,,,,2010.0,,0
729,10,9,3,48,4,2XT4E04,2,2.6,0.037,1.9,1.8,,,,,2010.0,,0
730,10,10,3,48,4,2XT4E04,NA,0.0,0.000,,,,,,,2010.0,,
731,10,11,3,48,4,2XT4E04,3,3.0,0.049,2.2,1.9,0.7,,,,2010.0,,0
732,10,12,3,48,4,2XT4E04,NA,0.0,0.000,,,,,,,2010.0,,
733,2,1,1,10,4,80XAA04,1,6.4,0.223,6.4,,,,,,2010.0,,0
734,2,2,1,10,4,80XAA04,1,4.2,0.096,4.2,,,,,,2010.0,,0
735,2,3,1,10,4,80XAA04,1,4.3,0.101,4.3,,,,,,2010.0,,0
736,2,4,1,10,4,80XAA04,1,2.2,0.026,2.2,,,,,,2010.0,,0
737,2,17,5,6,4,80XAA04,3,4.6,0.114,3.7,2.6,0.7,,,,2010.0,,0
738,2,18,5,6,4,80XAA04,1,4.2,0.096,4.2,,,,,,2010.0,,0
739,2,19,5,6,4,80XAA04,5,6.5,0.234,3.8,3.2,3.2,2.5,1.3,,2010.0,,0
740,2,20,5,6,4,80XAA04,4,5.5,0.166,5.2,1.5,0.9,0.6,,,2010.0,,0
741,3,9,4,13,4,80XAA04,4,6.8,0.252,6.1,1.8,2.3,0.7,,,2010.0,,0
742,3,10,4,13,4,80XAA04,1,3.7,0.075,3.7,,,,,,2010.0,,0
743,3,11,4,13,4,80XAA04,2,2.5,0.034,1.9,1.6,,,,,2010.0,,0
744,3,12,4,13,4,80XAA04,2,7.1,0.279,6.8,2.2,,,,,2010.0,,0
745,9,5,2,42,4,80XAA04,1,6.2,0.210,6.2,,,,,,2010.0,,0
746,9,6,2,42,4,80XAA04,1,6.3,0.216,6.3,,,,,,2010.0,,0
747,9,7,2,42,4,80XAA04,1,5.5,0.165,5.5,,,,,,2010.0,,0
748,9,8,2,42,4,80XAA04,2,6.8,0.254,5.3,4.3,,,,,2010.0,,0
749,9,13,3,44,4,80XAA04,2,4.9,0.134,3.5,3.5,,,,,2010.0,,0
750,9,14,3,44,4,80XAA04,1,5.1,0.142,5.1,,,,,,2010.0,,0
751,9,15,3,44,4,80XAA04,3,4.7,0.120,3.4,2.7,1.8,,,,2010.0,,0
752,9,16,3,44,4,80XAA04,1,2.9,0.046,2.9,,,,,,2010.0,,0
753,10,17,6,46,4,80XAA04,2,5.9,0.193,5.8,1.3,,,,,2010.0,,0
754,10,18,6,46,4,80XAA04,NA,0.0,0.000,,,,,,,2010.0,,
755,10,19,6,46,4,80XAA04,1,3.8,0.079,3.8,,,,,,2010.0,,0
756,10,20,6,46,4,80XAA04,2,2.5,0.035,1.8,1.8,,,,,2010.0,,0
757,1,17,5,5,4,81XAA04,2,4.6,0.114,4.0,2.2,,,,,2010.0,,0
758,1,18,5,5,4,81XAA04,2,6.2,0.211,5.2,3.4,,,,,2010.0,,0
759,1,19,5,5,4,81XAA04,3,5.6,0.174,4.5,2.6,2.2,,,,2010.0,,0
760,1,20,5,5,4,81XAA04,1,2.8,0.043,2.8,,,,,,2010.0,,0
761,2,13,4,7,4,81XAA04,NA,0.0,0.000,,,,,,,2010.0,,
762,2,14,4,7,4,81XAA04,1,3.6,0.071,3.6,,,,,,2010.0,,0
763,2,15,4,7,4,81XAA04,1,2.3,0.029,2.3,,,,,,2010.0,,0
764,2,16,4,7,4,81XAA04,NA,0.0,0.000,,,,,,,2010.0,,
765,5,1,1,21,4,81XAA04,2,2.2,0.025,2.0,0.8,,,,,2010.0,,0
766,5,2,1,21,4,81XAA04,1,4.8,0.126,4.8,,,,,,2010.0,,0
767,5,3,1,21,4,81XAA04,1,3.7,0.075,3.7,,,,,,2010.0,,0
768,5,4,1,21,4,81XAA04,2,8.1,0.361,5.9,5.6,,,,,2010.0,,0
769,6,1,2,30,4,81XAA04,2,6.8,0.252,6.2,2.8,,,,,2010.0,,0
770,6,2,2,30,4,81XAA04,1,5.4,0.159,5.4,,,,,,2010.0,,0
771,6,3,2,30,4,81XAA04,1,5.2,0.147,5.2,,,,,,2010.0,,0
772,6,4,2,30,4,81XAA04,NA,0.0,0.000,,,,,,,2010.0,,
773,7,17,6,35,4,81XAA04,1,0.7,0.003,0.7,,,,,,2010.0,,0
774,7,18,6,35,4,81XAA04,1,3.7,0.075,3.7,,,,,,2010.0,,0
775,7,19,6,35,4,81XAA04,2,3.6,0.072,2.9,2.2,,,,,2010.0,,0
776,7,20,6,35,4,81XAA04,2,5.9,0.189,5.6,1.8,,,,,2010.0,,0
777,8,13,3,37,4,81XAA04,2,4.5,0.112,4.3,1.4,,,,,2010.0,,0
778,8,14,3,37,4,81XAA04,1,4.0,0.087,4.0,,,,,,2010.0,,0
779,8,15,3,37,4,81XAA04,NA,0.0,0.000,,,,,,,2010.0,,0
780,8,16,3,37,4,81XAA04,1,2.7,0.040,2.7,,,,,,2010.0,,0
781,1,5,1,2,4,82XAA04,1,3.7,0.075,3.7,,,,,,2010.0,,0
782,1,6,1,2,4,82XAA04,1,3.0,0.049,3.0,,,,,,2010.0,,0
783,1,7,1,2,4,82XAA04,3,5.8,0.186,4.7,2.6,2.3,,,,2010.0,,0
784,1,8,1,2,4,82XAA04,1,1.3,0.009,1.3,,,,,,2010.0,,0
785,3,13,4,14,4,82XAA04,3,5.6,0.173,4.2,2.8,2.5,,,,2010.0,,0
786,3,14,4,14,4,82XAA04,2,5.2,0.150,5.0,1.6,,,,,2010.0,,0
787,3,15,4,14,4,82XAA04,2,4.3,0.099,3.3,2.7,,,,,2010.0,,0
788,3,16,4,14,4,82XAA04,2,4.6,0.118,4.4,1.5,,,,,2010.0,,0
789,4,17,5,16,4,82XAA04,1,2.7,0.040,2.7,,,,,,2010.0,,0
790,4,18,5,16,4,82XAA04,3,5.7,0.179,3.9,3.3,2.6,,,,2010.0,,0
791,4,19,5,16,4,82XAA04,2,4.4,0.108,3.6,2.6,,,,,2010.0,,0
792,4,20,5,16,4,82XAA04,3,5.3,0.153,3.8,2.7,2.5,,,,2010.0,,0
793,6,5,2,29,4,82XAA04,3,4.4,0.106,4.0,1.5,1.1,,,,2010.0,,0
794,6,6,2,29,4,82XAA04,2,6.0,0.199,5.5,2.5,,,,,2010.0,,0
795,6,7,2,29,4,82XAA04,3,4.9,0.132,4.3,2.0,1.3,,,,2010.0,,0
796,6,8,2,29,4,82XAA04,2,3.8,0.079,3.5,1.5,,,,,2010.0,,0
797,6,17,6,26,4,82XAA04,2,4.1,0.093,3.8,1.6,,,,,2010.0,,0
798,6,18,6,26,4,82XAA04,2,4.8,0.127,3.6,3.2,,,,,2010.0,,0
799,6,19,6,26,4,82XAA04,1,4.2,0.096,4.2,,,,,,2010.0,,0
800,6,20,6,26,4,82XAA04,2,5.5,0.168,4.3,3.5,,,,,2010.0,,0
801,8,9,3,38,4,82XAA04,3,5.7,0.176,4.6,2.5,2.2,,,,2010.0,,0
802,8,10,3,38,4,82XAA04,2,4.6,0.115,4.3,1.6,,,,,2010.0,,0
803,8,11,3,38,4,82XAA04,2,5.0,0.138,3.7,3.4,,,,,2010.0,,0
804,8,12,3,38,4,82XAA04,1,4.5,0.110,4.5,,,,,,2010.0,,0
805,1,13,4,4,4,83XAA04,4,6.0,0.197,4.6,2.8,2.4,1.2,,,2010.0,,0
806,1,14,4,4,4,83XAA04,3,6.4,0.223,5.2,3.3,1.7,,,,2010.0,,0
807,1,15,4,4,4,83XAA04,3,6.6,0.238,4.3,3.5,3.6,,,,2010.0,,0
808,1,16,4,4,4,83XAA04,2,5.9,0.190,5.3,2.6,,,,,2010.0,,0
809,3,1,1,11,4,83XAA04,4,6.3,0.217,5.3,2.9,1.4,1.1,,,2010.0,,0
810,3,2,1,11,4,83XAA04,3,6.0,0.196,4.4,3.6,1.9,,,,2010.0,,0
811,3,3,1,11,4,83XAA04,2,5.4,0.162,4.0,3.7,,,,,2010.0,,0
812,3,4,1,11,4,83XAA04,3,6.9,0.263,5.5,4.1,1.3,,,,2010.0,,0
813,3,17,5,15,4,83XAA04,2,5.8,0.186,5.0,3.0,,,,,2010.0,,0
814,3,18,5,15,4,83XAA04,1,5.4,0.160,5.4,,,,,,2010.0,,0
815,3,19,5,15,4,83XAA04,1,3.9,0.083,3.9,,,,,,2010.0,,0
816,3,20,5,15,4,83XAA04,2,5.4,0.161,4.4,3.2,,,,,2010.0,,0
817,7,1,2,31,4,83XAA04,2,5.4,0.160,5.0,2.2,,,,,2010.0,,0
818,7,2,2,31,4,83XAA04,2,6.1,0.204,5.7,2.2,,,,,2010.0,,0
819,7,3,2,31,4,83XAA04,1,5.1,0.139,5.1,,,,,,2010.0,,0
820,7,4,2,31,4,83XAA04,1,6.3,0.213,6.3,,,,,,2010.0,,0
821,7,13,3,34,4,83XAA04,2,6.9,0.261,5.7,3.9,,,,,2010.0,,0
822,7,14,3,34,4,83XAA04,2,5.9,0.193,5.1,3.1,,,,,2010.0,,0
823,7,15,3,34,4,83XAA04,2,6.5,0.227,6.2,1.8,,,,,2010.0,,0
824,7,16,3,34,4,83XAA04,2,7.1,0.276,5.1,5.0,,,,,2010.0,,0
825,9,17,6,45,4,83XAA04,2,6.5,0.229,5.1,4.0,,,,,2010.0,,0
826,9,18,6,45,4,83XAA04,4,4.3,0.102,3.0,1.9,1.8,1.7,,,2010.0,,0
827,9,19,6,45,4,83XAA04,2,5.9,0.187,5.3,2.5,,,,,2010.0,,0
828,9,20,6,45,4,83XAA04,5,7.2,0.286,4.4,4.0,2.9,2.4,1.8,,2010.0,,0
829,2,5,1,9,4,84XAA04,4,5.6,0.172,3.3,3.1,3.1,1.2,,,2010.0,,0
830,2,6,1,9,4,84XAA04,2,4.6,0.117,4.5,1.1,,,,,2010.0,,0
831,2,7,1,9,4,84XAA04,3,5.8,0.181,4.1,3.1,2.6,,,,2010.0,,0
832,2,8,1,9,4,84XAA04,2,3.5,0.068,2.5,2.5,,,,,2010.0,,0
833,4,13,5,17,4,84XAA04,2,3.5,0.068,2.9,2.0,,,,,2010.0,,0
834,4,14,5,17,4,84XAA04,NA,0.0,0.000,,,,,,,2010.0,,
835,4,15,5,17,4,84XAA04,1,5.1,0.142,5.1,,,,,,2010.0,,0
836,4,16,5,17,4,84XAA04,3,5.8,0.181,4.4,3.0,2.2,,,,2010.0,,0
837,5,9,4,23,4,84XAA04,1,3.2,0.056,3.2,,,,,,2010.0,,0
838,5,10,4,23,4,84XAA04,2,3.0,0.051,2.3,2.0,,,,,2010.0,,0
839,5,11,4,23,4,84XAA04,2,6.9,0.258,5.2,4.5,,,,,2010.0,,0
840,5,12,4,23,4,84XAA04,1,6.0,0.196,6.0,,,,,,2010.0,,0
841,8,17,6,36,4,84XAA04,2,4.1,0.091,4.0,0.8,,,,,2010.0,,0
842,8,18,6,36,4,84XAA04,1,4.7,0.120,4.7,,,,,,2010.0,,0
843,8,19,6,36,4,84XAA04,3,2.6,0.036,1.3,1.1,1.9,,,,2010.0,,0
844,8,20,6,36,4,84XAA04,1,3.1,0.052,3.1,,,,,,2010.0,,0
845,9,9,3,43,4,84XAA04,2,3.7,0.074,3.4,1.4,,,,,2010.0,,0
846,9,10,3,43,4,84XAA04,2,4.9,0.129,4.6,1.6,,,,,2010.0,,0
847,9,11,3,43,4,84XAA04,2,2.7,0.039,2.0,1.8,,,,,2010.0,,0
848,9,12,3,43,4,84XAA04,1,2.5,0.034,2.5,,,,,,2010.0,,0
849,10,1,2,50,4,84XAA04,2,6.3,0.219,6.2,1.3,,,,,2010.0,,0
850,10,2,2,50,4,84XAA04,1,0.9,0.004,0.9,,,,,,2010.0,,0
851,10,3,2,50,4,84XAA04,1,3.6,0.071,3.6,,,,,,2010.0,,0
852,10,4,2,50,4,84XAA04,3,6.1,0.205,4.7,3.6,1.6,,,,2010.0,,0
853,4,1,1,20,4,85XAA04,NA,0.0,0.000,,,,,,,2010.0,,
854,4,2,1,20,4,85XAA04,1,3.3,0.059,3.3,,,,,,2010.0,,0
855,4,3,1,20,4,85XAA04,1,0.4,0.001,0.4,,,,,,2010.0,,
856,4,4,1,20,4,85XAA04,1,0.2,0.000,0.2,,,,,,2010.0,,
857,4,9,4,18,4,85XAA04,1,1.6,0.014,1.6,,,,,,2010.0,,0
858,4,10,4,18,4,85XAA04,2,2.5,0.034,2.4,0.7,,,,,2010.0,,0
859,4,11,4,18,4,85XAA04,1,0.6,0.002,0.6,,,,,,2010.0,,0
860,4,12,4,18,4,85XAA04,1,0.7,0.003,0.7,,,,,,2010.0,,0
861,5,17,5,25,4,85XAA04,1,0.5,0.001,0.5,,,,,,2010.0,,
862,5,18,5,25,4,85XAA04,1,2.9,0.046,2.9,,,,,,2010.0,,
863,5,19,5,25,4,85XAA04,1,1.7,0.016,1.7,,,,,,2010.0,,
864,5,20,5,25,4,85XAA04,NA,0.0,0.000,,,,,,,2010.0,,
865,9,1,2,41,4,85XAA04,1,0.9,0.004,0.9,,,,,,2010.0,,0
866,9,2,2,41,4,85XAA04,1,1.7,0.016,1.7,,,,,,2010.0,,0
867,9,3,2,41,4,85XAA04,NA,0.0,0.000,,,,,,,2010.0,,
868,9,4,2,41,4,85XAA04,NA,0.0,0.000,,,,,,,2010.0,,
869,10,13,3,47,4,85XAA04,1,1.8,0.018,1.8,,,,,,2010.0,,0
870,10,14,3,47,4,85XAA04,NA,0.0,0.000,,,,,,,2010.0,,
871,10,15,3,47,4,85XAA04,NA,0.0,0.000,,,,,,,2010.0,,
872,10,16,3,47,4,85XAA04,1,1.3,0.009,1.3,,,,,,2010.0,,0
873,11,1,1,51,4,NM6,2,4.1,0.090,3.2,2.5,,,,,2010.0,,1
874,11,2,1,51,4,NM6,1,5.4,0.159,5.4,,,,,,2010.0,,0
875,11,3,1,51,4,NM6,1,5.7,0.177,5.7,,,,,,2010.0,,0
876,11,4,1,51,4,NM6,1,4.1,0.092,4.1,,,,,,2010.0,,0
877,11,5,2,52,4,NM6,1,5.0,0.136,5.0,,,,,,2010.0,,0
878,11,6,2,52,4,NM6,1,5.2,0.147,5.2,,,,,,2010.0,,2
879,11,7,2,52,4,NM6,1,5.2,0.147,5.2,,,,,,2010.0,,2
880,11,8,2,52,4,NM6,2,7.1,0.275,6.0,3.8,,,,,2010.0,,0
881,11,9,3,53,4,NM6,NA,0.0,0.000,,,,,,,2010.0,,
882,11,10,3,53,4,NM6,2,5.1,0.141,3.6,3.6,,,,,2010.0,,2
883,11,11,3,53,4,NM6,1,5.5,0.165,5.5,,,,,,2010.0,,0
884,11,12,3,53,4,NM6,1,5.6,0.171,5.6,,,,,,2010.0,,2
885,11,13,4,54,4,NM6,1,2.9,0.046,2.9,,,,,,2010.0,,0
886,11,14,4,54,4,NM6,1,2.2,0.026,2.2,,,,,,2010.0,,0
887,11,15,4,54,4,NM6,1,3.5,0.067,3.5,,,,,,2010.0,,0
888,11,16,4,54,4,NM6,1,4.2,0.096,4.2,,,,,,2010.0,,2
889,11,17,5,55,4,NM6,1,5.6,0.171,5.6,,,,,,2010.0,,0
890,11,18,5,55,4,NM6,1,4.9,0.131,4.9,,,,,,2010.0,,0
891,11,19,5,55,4,NM6,1,5.0,0.136,5.0,,,,,,2010.0,,0
892,11,20,5,55,4,NM6,1,3.6,0.071,3.6,,,,,,2010.0,,0
893,12,17,6,56,4,NM6,2,3.8,0.079,3.6,1.2,,,,,2010.0,,0
894,12,18,6,56,4,NM6,4,5.0,0.134,4.3,1.6,1.5,1.1,,,2010.0,,1
895,12,19,6,56,4,NM6,1,5.3,0.153,5.3,,,,,,2010.0,,1
896,12,20,6,56,4,NM6,2,4.4,0.108,3.8,2.3,,,,,2010.0,,0
897,1,1,1,1,5,17XGA04,1,2.7,0.040,2.7,,,,,,2009,,
898,1,2,1,1,5,17XGA04,1,1.7,0.016,1.7,,,,,,2009,,
899,1,3,1,1,5,17XGA04,2,3.7,0.074,2.7,2.5,,,,,2009,,
900,1,4,1,1,5,17XGA04,2,2.2,0.025,2.0,0.8,,,,,2009,,
901,5,13,5,24,5,17XGA04,1,1.7,0.016,1.7,,,,,,2009,,
902,5,14,5,24,5,17XGA04,2,2.9,0.046,2.2,1.9,,,,,2009,,
903,5,15,5,24,5,17XGA04,2,4.0,0.085,3.8,1.1,,,,,2009,,
904,5,16,5,24,5,17XGA04,2,3.8,0.079,3.1,2.2,,,,,2009,,
905,7,9,3,33,5,17XGA04,2,2.5,0.035,1.8,1.8,,,,,2009,,
906,7,10,3,33,5,17XGA04,1,2.0,0.022,2.0,,,,,,2009,,
907,7,11,3,33,5,17XGA04,2,2.1,0.024,1.7,1.2,,,,,2009,,
908,7,12,3,33,5,17XGA04,1,0.3,0.000,0.3,,,,,,2009,,
909,10,5,2,49,5,17XGA04,3,3.2,0.056,2.2,1.7,1.6,,,,2009,,
910,10,6,2,49,5,17XGA04,2,2.7,0.040,2.3,1.4,,,,,2009,,
911,10,7,2,49,5,17XGA04,2,3.0,0.048,2.6,1.4,,,,,2009,,
912,10,8,2,49,5,17XGA04,2,2.5,0.035,2.1,1.4,,,,,2009,,
913,2,9,4,8,5,18XAG04,3,2.6,0.038,2.3,1.0,0.8,,,,2009,,
914,2,10,4,8,5,18XAG04,1,3.3,0.059,3.3,,,,,,2009,,
915,2,11,4,8,5,18XAG04,2,4.3,0.102,3.2,2.9,,,,,2009,,
916,2,12,4,8,5,18XAG04,2,4.6,0.115,3.3,3.2,,,,,2009,,
917,4,5,1,19,5,18XAG04,2,4.1,0.092,2.9,2.9,,,,,2009,,
918,4,6,1,19,5,18XAG04,1,3.1,0.052,3.1,,,,,,2009,,
919,4,7,1,19,5,18XAG04,2,2.6,0.038,2.0,1.7,,,,,2009,,
920,4,8,1,19,5,18XAG04,3,4.0,0.087,3.6,1.6,0.7,,,,2009,,
921,6,9,3,28,5,18XAG04,1,1.5,0.012,1.5,,,,,,2009,,
922,6,10,3,28,5,18XAG04,2,4.0,0.089,2.9,2.8,,,,,2009,,
923,6,11,3,28,5,18XAG04,3,0.9,0.005,0.7,0.5,0.4,,,,2009,,
924,6,12,3,28,5,18XAG04,1,2.8,0.043,2.8,,,,,,2009,,
925,8,5,2,39,5,18XAG04,1,3.0,0.049,3.0,,,,,,2009,,
926,8,6,2,39,5,18XAG04,1,1.7,0.016,1.7,,,,,,2009,,
927,8,7,2,39,5,18XAG04,3,1.8,0.019,1.6,0.7,0.6,,,,2009,,
928,8,8,2,39,5,18XAG04,3,3.3,0.059,2.3,2.0,1.2,,,,2009,,
929,3,5,1,12,5,1XTE04,3,3.6,0.071,2.7,1.8,1.6,,,,2009,,
930,3,6,1,12,5,1XTE04,2,2.6,0.037,2.4,1.0,,,,,2009,,
931,3,7,1,12,5,1XTE04,2,2.9,0.047,2.3,1.8,,,,,2009,,
932,3,8,1,12,5,1XTE04,2,3.3,0.058,2.4,2.2,,,,,2009,,
933,6,13,3,27,5,1XTE04,NA,0.0,0.000,,,,,,,2009,,
934,6,14,3,27,5,1XTE04,NA,0.0,0.000,,,,,,,2009,,
935,6,15,3,27,5,1XTE04,NA,0.0,0.000,,,,,,,2009,,
936,6,16,3,27,5,1XTE04,1,1.7,0.016,1.7,,,,,,2009,,
937,8,1,2,40,5,1XTE04,1,1.3,0.009,1.3,,,,,,2009,,
938,8,2,2,40,5,1XTE04,NA,0.0,0.000,,,,,,,2009,,
939,8,3,2,40,5,1XTE04,1,0.7,0.003,0.7,,,,,,2009,,
940,8,4,2,40,5,1XTE04,1,1.4,0.011,1.4,,,,,,2009,,
941,1,9,4,3,5,2XT4E04,NA,0.0,0.000,,,,,,,2009,,
942,1,10,4,3,5,2XT4E04,NA,0.0,0.000,,,,,,,2009,,
943,1,11,4,3,5,2XT4E04,NA,0.0,0.000,,,,,,,2009,,
944,1,12,4,3,5,2XT4E04,NA,0.0,0.000,,,,,,,2009,,
945,5,5,1,22,5,2XT4E04,1,1.1,0.007,1.1,,,,,,2009,,
946,5,6,1,22,5,2XT4E04,NA,0.0,0.000,,,,,,,2009,,
947,5,7,1,22,5,2XT4E04,NA,0.0,0.000,,,,,,,2009,,
948,5,8,1,22,5,2XT4E04,2,1.1,0.007,0.9,0.7,,,,,2009,,
949,7,5,2,32,5,2XT4E04,2,0.5,0.001,0.4,0.3,,,,,2009,,
950,7,6,2,32,5,2XT4E04,NA,0.0,0.000,,,,,,,2009,,
951,7,7,2,32,5,2XT4E04,1,2.0,0.022,2.0,,,,,,2009,,
952,7,8,2,32,5,2XT4E04,3,2.0,0.022,1.7,0.8,0.7,,,,2009,,
953,10,9,3,48,5,2XT4E04,2,2.2,0.026,1.7,1.4,,,,,2009,,
954,10,10,3,48,5,2XT4E04,NA,0.0,0.000,,,,,,,2009,,
955,10,11,3,48,5,2XT4E04,3,2.4,0.031,1.6,1.6,0.7,,,,2009,,
956,10,12,3,48,5,2XT4E04,NA,0.0,0.000,,,,,,,2009,,
957,2,1,1,10,5,80XAA04,1,5.3,0.153,5.3,,,,,,2009,,
958,2,2,1,10,5,80XAA04,1,3.3,0.059,3.3,,,,,,2009,,
959,2,3,1,10,5,80XAA04,1,3.4,0.063,3.4,,,,,,2009,,
960,2,4,1,10,5,80XAA04,1,2.1,0.024,2.1,,,,,,2009,,
961,2,17,5,6,5,80XAA04,3,3.8,0.078,3.0,2.2,0.7,,,,2009,,
962,2,18,5,6,5,80XAA04,2,3.8,0.077,3.7,0.7,,,,,2009,,
963,2,19,5,6,5,80XAA04,5,5.8,0.186,3.3,3.1,2.6,2.2,1.4,,2009,,
964,2,20,5,6,5,80XAA04,4,4.6,0.118,4.3,1.4,0.9,0.6,,,2009,,
965,3,9,4,13,5,80XAA04,4,5.4,0.157,4.8,1.7,1.6,0.6,,,2009,,
966,3,10,4,13,5,80XAA04,1,3.1,0.052,3.1,,,,,,2009,,
967,3,11,4,13,5,80XAA04,2,2.4,0.032,1.8,1.6,,,,,2009,,
968,3,12,4,13,5,80XAA04,2,5.5,0.165,5.2,1.8,,,,,2009,,
969,9,5,2,42,5,80XAA04,1,5.0,0.136,5.0,,,,,,2009,,
970,9,6,2,42,5,80XAA04,1,4.9,0.131,4.9,,,,,,2009,,
971,9,7,2,42,5,80XAA04,1,4.6,0.115,4.6,,,,,,2009,,
972,9,8,2,42,5,80XAA04,2,5.5,0.163,4.2,3.5,,,,,2009,,
973,9,13,3,44,5,80XAA04,2,4.0,0.086,2.8,2.8,,,,,2009,,
974,9,14,3,44,5,80XAA04,1,4.0,0.087,4.0,,,,,,2009,,
975,9,15,3,44,5,80XAA04,3,3.8,0.078,2.7,2.2,1.5,,,,2009,,
976,9,16,3,44,5,80XAA04,1,2.2,0.026,2.2,,,,,,2009,,
977,10,17,6,46,5,80XAA04,2,4.2,0.098,4.1,1.1,,,,,2009,,
978,10,18,6,46,5,80XAA04,1,0.9,0.004,0.9,,,,,,2009,,
979,10,19,6,46,5,80XAA04,1,2.9,0.046,2.9,,,,,,2009,,
980,10,20,6,46,5,80XAA04,2,2.2,0.026,1.6,1.5,,,,,2009,,
981,1,17,5,5,5,81XAA04,2,3.9,0.084,3.5,1.8,,,,,2009,,
982,1,18,5,5,5,81XAA04,2,5.1,0.144,4.3,2.8,,,,,2009,,
983,1,19,5,5,5,81XAA04,3,4.7,0.118,3.7,2.0,2.0,,,,2009,,
984,1,20,5,5,5,81XAA04,1,2.4,0.031,2.4,,,,,,2009,,
985,2,13,4,7,5,81XAA04,NA,0.0,0.000,,,,,,,2009,,
986,2,14,4,7,5,81XAA04,1,2.9,0.046,2.9,,,,,,2009,,
987,2,15,4,7,5,81XAA04,1,2.1,0.024,2.1,,,,,,2009,,
988,2,16,4,7,5,81XAA04,NA,0.0,0.000,,,,,,,2009,,
989,5,1,1,21,5,81XAA04,2,1.9,0.020,1.8,0.7,,,,,2009,,
990,5,2,1,21,5,81XAA04,1,3.7,0.075,3.7,,,,,,2009,,
991,5,3,1,21,5,81XAA04,1,3.0,0.049,3.0,,,,,,2009,,
992,5,4,1,21,5,81XAA04,2,6.6,0.237,4.9,4.4,,,,,2009,,
993,6,1,2,30,5,81XAA04,2,5.4,0.157,4.9,2.2,,,,,2009,,
994,6,2,2,30,5,81XAA04,1,4.3,0.101,4.3,,,,,,2009,,
995,6,3,2,30,5,81XAA04,1,4.3,0.101,4.3,,,,,,2009,,
996,6,4,2,30,5,81XAA04,1,1.0,0.005,1.0,,,,,,2009,,
997,7,17,6,35,5,81XAA04,1,0.7,0.003,0.7,,,,,,2009,,
998,7,18,6,35,5,81XAA04,1,3.0,0.049,3.0,,,,,,2009,,
999,7,19,6,35,5,81XAA04,2,3.1,0.054,2.5,1.9,,,,,2009,,
1000,7,20,6,35,5,81XAA04,2,4.4,0.107,4.2,1.4,,,,,2009,,
1001,8,13,3,37,5,81XAA04,1,3.4,0.063,3.4,,,,,,2009,,
1002,8,14,3,37,5,81XAA04,1,3.3,0.059,3.3,,,,,,2009,,
1003,8,15,3,37,5,81XAA04,NA,0.0,0.000,,,,,,,2009,,
1004,8,16,3,37,5,81XAA04,1,2.5,0.034,2.5,,,,,,2009,,
1005,1,5,1,2,5,82XAA04,1,3.0,0.049,3.0,,,,,,2009,,
1006,1,6,1,2,5,82XAA04,1,2.4,0.031,2.4,,,,,,2009,,
1007,1,7,1,2,5,82XAA04,3,4.5,0.111,3.2,2.4,2.1,,,,2009,,
1008,1,8,1,2,5,82XAA04,1,1.3,0.009,1.3,,,,,,2009,,
1009,3,13,4,14,5,82XAA04,3,4.9,0.132,3.8,2.2,2.2,,,,2009,,
1010,3,14,4,14,5,82XAA04,2,4.3,0.102,4.1,1.4,,,,,2009,,
1011,3,15,4,14,5,82XAA04,2,3.7,0.077,2.7,2.6,,,,,2009,,
1012,3,16,4,14,5,82XAA04,2,3.8,0.079,3.5,1.5,,,,,2009,,
1013,4,17,5,16,5,82XAA04,1,2.5,0.034,2.5,,,,,,2009,,
1014,4,18,5,16,5,82XAA04,3,4.8,0.124,3.2,2.7,2.3,,,,2009,,
1015,4,19,5,16,5,82XAA04,2,3.5,0.066,2.7,2.2,,,,,2009,,
1016,4,20,5,16,5,82XAA04,3,4.9,0.130,3.5,2.6,2.2,,,,2009,,
1017,6,5,2,29,5,82XAA04,3,3.7,0.077,3.3,1.4,1.1,,,,2009,,
1018,6,6,2,29,5,82XAA04,2,4.5,0.109,4.1,1.8,,,,,2009,,
1019,6,7,2,29,5,82XAA04,3,3.6,0.071,3.1,1.5,1.1,,,,2009,,
1020,6,8,2,29,5,82XAA04,2,2.6,0.038,2.3,1.3,,,,,2009,,
1021,6,17,6,26,5,82XAA04,2,3.3,0.060,3.0,1.4,,,,,2009,,
1022,6,18,6,26,5,82XAA04,2,4.0,0.089,3.0,2.7,,,,,2009,,
1023,6,19,6,26,5,82XAA04,1,3.5,0.067,3.5,,,,,,2009,,
1024,6,20,6,26,5,82XAA04,2,4.6,0.116,3.5,3.0,,,,,2009,,
1025,8,9,3,38,5,82XAA04,3,4.7,0.118,3.8,1.9,1.9,,,,2009,,
1026,8,10,3,38,5,82XAA04,2,3.7,0.074,3.4,1.4,,,,,2009,,
1027,8,11,3,38,5,82XAA04,2,4.4,0.105,3.3,2.9,,,,,2009,,
1028,8,12,3,38,5,82XAA04,1,3.6,0.071,3.6,,,,,,2009,,
1029,1,13,4,4,5,83XAA04,6,5.1,0.139,3.7,2.2,2.1,1.2,0.8,0.7,2009,,
1030,1,14,4,4,5,83XAA04,3,5.2,0.150,4.2,2.7,1.6,,,,2009,,
1031,1,15,4,4,5,83XAA04,3,5.8,0.183,3.7,3.2,3.1,,,,2009,,
1032,1,16,4,4,5,83XAA04,2,4.7,0.123,4.2,2.2,,,,,2009,,
1033,3,1,1,11,5,83XAA04,4,5.0,0.138,4.1,2.5,1.2,0.9,,,2009,,
1034,3,2,1,11,5,83XAA04,4,5.4,0.158,4.1,2.8,1.8,1.0,,,2009,,
1035,3,3,1,11,5,83XAA04,2,4.5,0.110,3.5,2.8,,,,,2009,,
1036,3,4,1,11,5,83XAA04,3,5.7,0.176,4.4,3.4,1.2,,,,2009,,
1037,3,17,5,15,5,83XAA04,2,5.0,0.134,4.4,2.3,,,,,2009,,
1038,3,18,5,15,5,83XAA04,1,4.4,0.106,4.4,,,,,,2009,,
1039,3,19,5,15,5,83XAA04,1,3.3,0.059,3.3,,,,,,2009,,
1040,3,20,5,15,5,83XAA04,2,4.4,0.108,3.6,2.6,,,,,2009,,
1041,7,1,2,31,5,83XAA04,2,4.2,0.097,3.9,1.6,,,,,2009,,
1042,7,2,2,31,5,83XAA04,2,5.0,0.135,4.8,1.3,,,,,2009,,
1043,7,3,2,31,5,83XAA04,1,4.1,0.092,4.1,,,,,,2009,,
1044,7,4,2,31,5,83XAA04,1,5.0,0.136,5.0,,,,,,2009,,
1045,7,13,3,34,5,83XAA04,2,5.3,0.155,4.4,3.0,,,,,2009,,
1046,7,14,3,34,5,83XAA04,2,5.0,0.135,4.3,2.5,,,,,2009,,
1047,7,15,3,34,5,83XAA04,3,5.2,0.149,4.9,1.5,1.0,,,,2009,,
1048,7,16,3,34,5,83XAA04,2,5.4,0.158,3.8,3.8,,,,,2009,,
1049,9,17,6,45,5,83XAA04,4,5.4,0.162,4.2,3.2,1.0,0.9,,,2009,,
1050,9,18,6,45,5,83XAA04,4,3.7,0.075,2.4,1.6,1.7,1.6,,,2009,,
1051,9,19,6,45,5,83XAA04,2,4.7,0.121,4.1,2.3,,,,,2009,,
1052,9,20,6,45,5,83XAA04,5,5.6,0.171,3.4,3.0,2.2,2.0,1.4,,2009,,
1053,2,5,1,9,5,84XAA04,4,4.4,0.104,2.5,2.4,2.4,1.1,,,2009,,
1054,2,6,1,9,5,84XAA04,2,4.2,0.098,4.1,1.1,,,,,2009,,
1055,2,7,1,9,5,84XAA04,3,4.9,0.129,3.3,2.8,2.2,,,,2009,,
1056,2,8,1,9,5,84XAA04,2,2.9,0.046,2.1,2.0,,,,,2009,,
1057,4,13,5,17,5,84XAA04,2,3.1,0.054,2.5,1.9,,,,,2009,,
1058,4,14,5,17,5,84XAA04,NA,0.0,0.000,,,,,,,2009,,
1059,4,15,5,17,5,84XAA04,1,4.1,0.092,4.1,,,,,,2009,,
1060,4,16,5,17,5,84XAA04,3,4.6,0.114,3.4,2.4,1.9,,,,2009,,
1061,5,9,4,23,5,84XAA04,1,2.7,0.040,2.7,,,,,,2009,,
1062,5,10,4,23,5,84XAA04,2,2.8,0.042,2.2,1.7,,,,,2009,,
1063,5,11,4,23,5,84XAA04,2,5.2,0.146,3.8,3.5,,,,,2009,,
1064,5,12,4,23,5,84XAA04,1,4.8,0.126,4.8,,,,,,2009,,
1065,8,17,6,36,5,84XAA04,2,3.5,0.067,3.4,0.8,,,,,2009,,
1066,8,18,6,36,5,84XAA04,1,3.6,0.071,3.6,,,,,,2009,,
1067,8,19,6,36,5,84XAA04,3,1.8,0.018,1.3,1.1,0.7,,,,2009,,
1068,8,20,6,36,5,84XAA04,1,2.6,0.037,2.6,,,,,,2009,,
1069,9,9,3,43,5,84XAA04,2,3.0,0.048,2.7,1.2,,,,,2009,,
1070,9,10,3,43,5,84XAA04,2,4.0,0.087,3.7,1.5,,,,,2009,,
1071,9,11,3,43,5,84XAA04,2,2.3,0.028,1.7,1.5,,,,,2009,,
1072,9,12,3,43,5,84XAA04,1,1.8,0.018,1.8,,,,,,2009,,
1073,10,1,2,50,5,84XAA04,2,4.4,0.105,4.3,0.9,,,,,2009,,
1074,10,2,2,50,5,84XAA04,1,0.8,0.003,0.8,,,,,,2009,,
1075,10,3,2,50,5,84XAA04,1,2.9,0.046,2.9,,,,,,2009,,
1076,10,4,2,50,5,84XAA04,3,4.7,0.122,3.5,2.8,1.5,,,,2009,,
1077,4,1,1,20,5,85XAA04,NA,0.0,0.000,,,,,,,2009,,
1078,4,2,1,20,5,85XAA04,1,2.7,0.040,2.7,,,,,,2009,,
1079,4,3,1,20,5,85XAA04,1,0.4,0.001,0.4,,,,,,2009,,
1080,4,4,1,20,5,85XAA04,1,0.2,0.000,0.2,,,,,,2009,,
1081,4,9,4,18,5,85XAA04,1,1.4,0.011,1.4,,,,,,2009,,
1082,4,10,4,18,5,85XAA04,2,1.9,0.020,1.8,0.7,,,,,2009,,
1083,4,11,4,18,5,85XAA04,1,0.4,0.001,0.4,,,,,,2009,,
1084,4,12,4,18,5,85XAA04,1,0.6,0.002,0.6,,,,,,2009,,
1085,5,17,5,25,5,85XAA04,1,0.5,0.001,0.5,,,,,,2009,,
1086,5,18,5,25,5,85XAA04,1,2.4,0.031,2.4,,,,,,2009,,
1087,5,19,5,25,5,85XAA04,1,1.4,0.011,1.4,,,,,,2009,,
1088,5,20,5,25,5,85XAA04,1,0.4,0.001,0.4,,,,,,2009,,
1089,9,1,2,41,5,85XAA04,1,0.8,0.003,0.8,,,,,,2009,,
1090,9,2,2,41,5,85XAA04,1,1.5,0.012,1.5,,,,,,2009,,
1091,9,3,2,41,5,85XAA04,1,0.2,0.000,0.2,,,,,,2009,,
1092,9,4,2,41,5,85XAA04,NA,0.0,0.000,,,,,,,2009,,
1093,10,13,3,47,5,85XAA04,1,1.4,0.011,1.4,,,,,,2009,,
1094,10,14,3,47,5,85XAA04,NA,0.0,0.000,,,,,,,2009,,
1095,10,15,3,47,5,85XAA04,1,0.7,0.003,0.7,,,,,,2009,,
1096,10,16,3,47,5,85XAA04,1,1.0,0.005,1.0,,,,,,2009,,
1097,11,1,1,51,5,NM6,2,3.6,0.069,3.0,1.9,,,,,2009,,
1098,11,2,1,51,5,NM6,1,4.3,0.101,4.3,,,,,,2009,,
1099,11,3,1,51,5,NM6,1,4.6,0.115,4.6,,,,,,2009,,
1100,11,4,1,51,5,NM6,1,3.2,0.056,3.2,,,,,,2009,,
1101,11,5,2,52,5,NM6,1,4.2,0.096,4.2,,,,,,2009,,
1102,11,6,2,52,5,NM6,1,3.9,0.083,3.9,,,,,,2009,,
1103,11,7,2,52,5,NM6,1,4.3,0.101,4.3,,,,,,2009,,
1104,11,8,2,52,5,NM6,2,6.0,0.198,5.1,3.2,,,,,2009,,
1105,11,9,3,53,5,NM6,NA,0.0,0.000,,,,,,,2009,,
1106,11,10,3,53,5,NM6,2,4.4,0.105,3.1,3.1,,,,,2009,,
1107,11,11,3,53,5,NM6,1,4.6,0.115,4.6,,,,,,2009,,
1108,11,12,3,53,5,NM6,1,4.6,0.115,4.6,,,,,,2009,,
1109,11,13,4,54,5,NM6,1,2.2,0.026,2.2,,,,,,2009,,
1110,11,14,4,54,5,NM6,1,1.5,0.012,1.5,,,,,,2009,,
1111,11,15,4,54,5,NM6,1,2.9,0.046,2.9,,,,,,2009,,
1112,11,16,4,54,5,NM6,2,3.4,0.064,3.2,1.2,,,,,2009,,
1113,11,17,5,55,5,NM6,1,4.6,0.115,4.6,,,,,,2009,,
1114,11,18,5,55,5,NM6,1,4.1,0.092,4.1,,,,,,2009,,
1115,11,19,5,55,5,NM6,1,3.5,0.067,3.5,,,,,,2009,,
1116,11,20,5,55,5,NM6,1,2.6,0.037,2.6,,,,,,2009,,
1117,12,17,6,56,5,NM6,2,2.7,0.039,2.4,1.2,,,,,2009,,
1118,12,18,6,56,5,NM6,4,3.8,0.081,3.2,1.8,0.8,0.8,,,2009,,
1119,12,19,6,56,5,NM6,1,4.3,0.101,4.3,,,,,,2009,,
1120,12,20,6,56,5,NM6,2,3.4,0.062,3.1,1.3,,,,,2009,,
1121,1,1,1,1,6,17XGA04,1,2.3,0.029,2.3,,,,,,2008,,0
1122,1,2,1,1,6,17XGA04,1,1.3,0.009,1.3,,,,,,2008,,0
1123,1,3,1,1,6,17XGA04,2,2.9,0.047,2.3,1.8,,,,,2008,,0
1124,1,4,1,1,6,17XGA04,2,1.7,0.017,1.6,0.7,,,,,2008,,0
1125,5,13,5,24,6,17XGA04,1,1.4,0.011,1.4,,,,,,2008,,0
1126,5,14,5,24,6,17XGA04,2,2.3,0.028,1.8,1.4,,,,,2008,,0
1127,5,15,5,24,6,17XGA04,2,3.4,0.062,3.2,1.1,,,,,2008,,0
1128,5,16,5,24,6,17XGA04,2,3.2,0.057,2.7,1.8,,,,,2008,,0
1129,7,9,3,33,6,17XGA04,2,2.0,0.021,1.5,1.3,,,,,2008,,0
1130,7,10,3,33,6,17XGA04,1,1.5,0.012,1.5,,,,,,2008,,0
1131,7,11,3,33,6,17XGA04,2,2.1,0.024,1.7,1.2,,,,,2008,,0
1132,7,12,3,33,6,17XGA04,1,0.3,0.000,0.3,,,,,,2008,,0
1133,10,5,2,49,6,17XGA04,3,2.8,0.042,1.8,1.5,1.5,,,,2008,,0
1134,10,6,2,49,6,17XGA04,2,2.1,0.024,1.9,0.9,,,,,2008,,0
1135,10,7,2,49,6,17XGA04,2,2.5,0.035,2.1,1.4,,,,,2008,,0
1136,10,8,2,49,6,17XGA04,2,2.2,0.026,1.8,1.2,,,,,2008,,0
1137,2,9,4,8,6,18XAG04,3,2.1,0.024,1.8,0.7,0.8,,,,2008,,1
1138,2,10,4,8,6,18XAG04,1,2.7,0.040,2.7,,,,,,2008,,0
1139,2,11,4,8,6,18XAG04,2,3.5,0.069,2.7,2.3,,,,,2008,,0
1140,2,12,4,8,6,18XAG04,2,4.1,0.092,3.0,2.8,,,,,2008,,0
1141,4,5,1,19,6,18XAG04,2,3.4,0.063,2.5,2.3,,,,,2008,,0
1142,4,6,1,19,6,18XAG04,1,2.3,0.029,2.3,,,,,,2008,,0
1143,4,7,1,19,6,18XAG04,2,2.4,0.032,1.8,1.6,,,,,2008,,0
1144,4,8,1,19,6,18XAG04,3,3.4,0.064,3.1,1.3,0.7,,,,2008,,0
1145,6,9,3,28,6,18XAG04,1,1.0,0.005,1.0,,,,,,2008,,0
1146,6,10,3,28,6,18XAG04,2,3.0,0.048,2.1,2.1,,,,,2008,,0
1147,6,11,3,28,6,18XAG04,1,0.7,0.003,0.7,,,,,,2008,,0
1148,6,12,3,28,6,18XAG04,1,2.1,0.024,2.1,,,,,,2008,,0
1149,8,5,2,39,6,18XAG04,1,2.3,0.029,2.3,,,,,,2008,,0
1150,8,6,2,39,6,18XAG04,1,1.2,0.008,1.2,,,,,,2008,,0
1151,8,7,2,39,6,18XAG04,3,1.5,0.012,1.2,0.7,0.6,,,,2008,,0
1152,8,8,2,39,6,18XAG04,3,2.8,0.041,1.8,1.7,1.2,,,,2008,,0
1153,3,5,1,12,6,1XTE04,3,2.9,0.047,2.4,1.2,1.2,,,,2008,,0
1154,3,6,1,12,6,1XTE04,1,1.8,0.018,1.8,,,,,,2008,,0
1155,3,7,1,12,6,1XTE04,2,2.3,0.028,1.8,1.4,,,,,2008,,0
1156,3,8,1,12,6,1XTE04,2,2.5,0.034,1.9,1.6,,,,,2008,,0
1157,6,13,3,27,6,1XTE04,1,0.2,0.000,0.2,,,,,,2008,,0
1158,6,14,3,27,6,1XTE04,1,0.5,0.001,0.5,,,,,,2008,,
1159,6,15,3,27,6,1XTE04,NA,0.0,0.000,,,,,,,2008,,
1160,6,16,3,27,6,1XTE04,1,1.3,0.009,1.3,,,,,,2008,,0
1161,8,1,2,40,6,1XTE04,1,1.0,0.005,1.0,,,,,,2008,,0
1162,8,2,2,40,6,1XTE04,NA,0.0,0.000,,,,,,,2008,,0
1163,8,3,2,40,6,1XTE04,1,0.6,0.002,0.6,,,,,,2008,,0
1164,8,4,2,40,6,1XTE04,1,1.0,0.005,1.0,,,,,,2008,,0
1165,1,9,4,3,6,2XT4E04,NA,0.0,0.000,,,,,,,2008,,
1166,1,10,4,3,6,2XT4E04,NA,0.0,0.000,,,,,,,2008,,
1167,1,11,4,3,6,2XT4E04,NA,0.0,0.000,,,,,,,2008,,
1168,1,12,4,3,6,2XT4E04,NA,0.0,0.000,,,,,,,2008,,
1169,5,5,1,22,6,2XT4E04,1,0.9,0.004,0.9,,,,,,2008,,0
1170,5,6,1,22,6,2XT4E04,NA,0.0,0.000,,,,,,,2008,,0
1171,5,7,1,22,6,2XT4E04,NA,0.0,0.000,,,,,,,2008,,0
1172,5,8,1,22,6,2XT4E04,2,0.9,0.005,0.7,0.6,,,,,2008,,0
1173,7,5,2,32,6,2XT4E04,2,0.5,0.001,0.4,0.3,,,,,2008,,0
1174,7,6,2,32,6,2XT4E04,NA,0.0,0.000,,,,,,,2008,,
1175,7,7,2,32,6,2XT4E04,1,1.5,0.012,1.5,,,,,,2008,,0
1176,7,8,2,32,6,2XT4E04,3,2.0,0.021,1.7,0.7,0.7,,,,2008,,0
1177,10,9,3,48,6,2XT4E04,2,1.7,0.016,1.3,1.1,,,,,2008,,0
1178,10,10,3,48,6,2XT4E04,NA,0.0,0.000,,,,,,,2008,,
1179,10,11,3,48,6,2XT4E04,3,1.7,0.016,1.1,1.1,0.7,,,,2008,,0
1180,10,12,3,48,6,2XT4E04,NA,0.0,0.000,,,,,,,2008,,
1181,2,1,1,10,6,80XAA04,1,4.0,0.087,4.0,,,,,,2008,,0
1182,2,2,1,10,6,80XAA04,1,2.5,0.034,2.5,,,,,,2008,,0
1183,2,3,1,10,6,80XAA04,1,2.7,0.040,2.7,,,,,,2008,,0
1184,2,4,1,10,6,80XAA04,1,1.7,0.016,1.7,,,,,,2008,,0
1185,2,17,5,6,6,80XAA04,3,3.4,0.063,2.8,1.8,0.7,,,,2008,,0
1186,2,18,5,6,6,80XAA04,2,3.4,0.062,3.3,0.7,,,,,2008,,0
1187,2,19,5,6,6,80XAA04,5,5.0,0.134,2.8,2.8,2.0,1.7,1.4,,2008,,0
1188,2,20,5,6,6,80XAA04,4,4.0,0.088,3.6,1.4,0.9,0.6,,,2008,,0
1189,3,9,4,13,6,80XAA04,4,4.2,0.098,3.8,1.3,1.2,0.6,,,2008,,0
1190,3,10,4,13,6,80XAA04,1,2.6,0.037,2.6,,,,,,2008,,0
1191,3,11,4,13,6,80XAA04,2,2.3,0.028,1.6,1.6,,,,,2008,,0
1192,3,12,4,13,6,80XAA04,2,4.5,0.112,4.3,1.4,,,,,2008,,0
1193,9,5,2,42,6,80XAA04,1,4.3,0.101,4.3,,,,,,2008,,0
1194,9,6,2,42,6,80XAA04,1,3.8,0.079,3.8,,,,,,2008,,0
1195,9,7,2,42,6,80XAA04,1,3.7,0.075,3.7,,,,,,2008,,0
1196,9,8,2,42,6,80XAA04,2,4.7,0.119,3.5,3.1,,,,,2008,,0
1197,9,13,3,44,6,80XAA04,2,3.0,0.050,2.2,2.1,,,,,2008,,0
1198,9,14,3,44,6,80XAA04,1,3.1,0.052,3.1,,,,,,2008,,0
1199,9,15,3,44,6,80XAA04,3,2.9,0.046,2.1,1.6,1.2,,,,2008,,0
1200,9,16,3,44,6,80XAA04,1,1.7,0.016,1.7,,,,,,2008,,0
1201,10,17,6,46,6,80XAA04,2,3.5,0.066,3.3,1.1,,,,,2008,,0
1202,10,18,6,46,6,80XAA04,1,0.9,0.004,0.9,,,,,,2008,,0
1203,10,19,6,46,6,80XAA04,1,2.4,0.031,2.4,,,,,,2008,,0
1204,10,20,6,46,6,80XAA04,2,1.7,0.016,1.3,1.1,,,,,2008,,0
1205,1,17,5,5,6,81XAA04,2,3.3,0.060,2.8,1.8,,,,,2008,,0
1206,1,18,5,5,6,81XAA04,2,4.3,0.101,3.5,2.5,,,,,2008,,0
1207,1,19,5,5,6,81XAA04,3,3.9,0.082,3.2,1.7,1.4,,,,2008,,0
1208,1,20,5,5,6,81XAA04,1,2.4,0.031,2.4,,,,,,2008,,0
1209,2,13,4,7,6,81XAA04,NA,0.0,0.000,,,,,,,2008,,
1210,2,14,4,7,6,81XAA04,1,2.3,0.029,2.3,,,,,,2008,,0
1211,2,15,4,7,6,81XAA04,1,1.6,0.014,1.6,,,,,,2008,,0
1212,2,16,4,7,6,81XAA04,NA,0.0,0.000,,,,,,,2008,,
1213,5,1,1,21,6,81XAA04,2,1.7,0.016,1.6,0.6,,,,,2008,,0
1214,5,2,1,21,6,81XAA04,1,3.3,0.059,3.3,,,,,,2008,,0
1215,5,3,1,21,6,81XAA04,1,2.5,0.034,2.5,,,,,,2008,,0
1216,5,4,1,21,6,81XAA04,2,5.5,0.162,4.1,3.6,,,,,2008,,0
1217,6,1,2,30,6,81XAA04,2,4.8,0.123,4.4,1.8,,,,,2008,,0
1218,6,2,2,30,6,81XAA04,1,3.6,0.071,3.6,,,,,,2008,,0
1219,6,3,2,30,6,81XAA04,1,3.8,0.079,3.8,,,,,,2008,,0
1220,6,4,2,30,6,81XAA04,1,1.0,0.005,1.0,,,,,,2008,,0
1221,7,17,6,35,6,81XAA04,1,0.7,0.003,0.7,,,,,,2008,,0
1222,7,18,6,35,6,81XAA04,1,2.4,0.031,2.4,,,,,,2008,,0
1223,7,19,6,35,6,81XAA04,2,2.4,0.033,2.0,1.4,,,,,2008,,0
1224,7,20,6,35,6,81XAA04,2,3.9,0.081,3.7,1.1,,,,,2008,,0
1225,8,13,3,37,6,81XAA04,1,2.8,0.043,2.8,,,,,,2008,,0
1226,8,14,3,37,6,81XAA04,1,2.7,0.040,2.7,,,,,,2008,,0
1227,8,15,3,37,6,81XAA04,NA,0.0,0.000,,,,,,,2008,,0
1228,8,16,3,37,6,81XAA04,1,2.2,0.026,2.2,,,,,,2008,,0
1229,1,5,1,2,6,82XAA04,1,2.5,0.034,2.5,,,,,,2008,,0
1230,1,6,1,2,6,82XAA04,1,1.8,0.018,1.8,,,,,,2008,,0
1231,1,7,1,2,6,82XAA04,3,3.6,0.070,2.6,1.7,1.8,,,,2008,,0
1232,1,8,1,2,6,82XAA04,1,1.3,0.009,1.3,,,,,,2008,,0
1233,3,13,4,14,6,82XAA04,3,4.0,0.087,3.3,1.7,1.5,,,,2008,,0
1234,3,14,4,14,6,82XAA04,2,3.4,0.064,3.2,1.2,,,,,2008,,0
1235,3,15,4,14,6,82XAA04,2,3.0,0.050,2.2,2.1,,,,,2008,,0
1236,3,16,4,14,6,82XAA04,2,3.3,0.058,2.9,1.5,,,,,2008,,0
1237,4,17,5,16,6,82XAA04,1,2.1,0.024,2.1,,,,,,2008,,0
1238,4,18,5,16,6,82XAA04,3,3.9,0.082,2.7,2.2,1.7,,,,2008,,0
1239,4,19,5,16,6,82XAA04,2,3.0,0.049,2.4,1.8,,,,,2008,,0
1240,4,20,5,16,6,82XAA04,3,4.3,0.102,3.2,2.2,1.9,,,,2008,,0
1241,6,5,2,29,6,82XAA04,3,3.0,0.049,2.8,0.8,0.7,,,,2008,,0
1242,6,6,2,29,6,82XAA04,2,3.6,0.072,3.3,1.5,,,,,2008,,0
1243,6,7,2,29,6,82XAA04,3,3.0,0.049,2.5,1.3,1.0,,,,2008,,0
1244,6,8,2,29,6,82XAA04,2,1.9,0.019,1.5,1.1,,,,,2008,,0
1245,6,17,6,26,6,82XAA04,2,2.8,0.042,2.5,1.2,,,,,2008,,0
1246,6,18,6,26,6,82XAA04,2,3.3,0.058,2.5,2.1,,,,,2008,,0
1247,6,19,6,26,6,82XAA04,1,2.8,0.043,2.8,,,,,,2008,,0
1248,6,20,6,26,6,82XAA04,2,3.9,0.085,3.2,2.3,,,,,2008,,0
1249,8,9,3,38,6,82XAA04,3,4.2,0.095,3.3,1.8,1.8,,,,2008,,0
1250,8,10,3,38,6,82XAA04,2,3.3,0.058,3.0,1.3,,,,,2008,,0
1251,8,11,3,38,6,82XAA04,2,3.7,0.074,2.8,2.4,,,,,2008,,0
1252,8,12,3,38,6,82XAA04,1,2.8,0.043,2.8,,,,,,2008,,0
1253,1,13,4,4,6,83XAA04,6,4.1,0.093,3.2,1.6,1.5,1.1,0.7,0.6,2008,,0
1254,1,14,4,4,6,83XAA04,3,4.1,0.091,3.4,1.9,1.2,,,,2008,,0
1255,1,15,4,4,6,83XAA04,3,4.9,0.133,3.1,3.0,2.4,,,,2008,,1
1256,1,16,4,4,6,83XAA04,2,3.5,0.067,3.2,1.4,,,,,2008,,0
1257,3,1,1,11,6,83XAA04,4,4.1,0.093,3.4,1.9,1.1,0.8,,,2008,,0
1258,3,2,1,11,6,83XAA04,4,4.4,0.105,3.2,2.4,1.5,1.0,,,2008,,0
1259,3,3,1,11,6,83XAA04,2,3.5,0.066,2.7,2.2,,,,,2008,,0
1260,3,4,1,11,6,83XAA04,3,4.4,0.107,3.5,2.5,1.1,,,,2008,,0
1261,3,17,5,15,6,83XAA04,2,3.9,0.083,3.5,1.7,,,,,2008,,0
1262,3,18,5,15,6,83XAA04,1,3.7,0.075,3.7,,,,,,2008,,0
1263,3,19,5,15,6,83XAA04,1,2.7,0.040,2.7,,,,,,2008,,0
1264,3,20,5,15,6,83XAA04,2,3.7,0.074,3.1,2.0,,,,,2008,,0
1265,7,1,2,31,6,83XAA04,2,3.6,0.071,3.4,1.2,,,,,2008,,0
1266,7,2,2,31,6,83XAA04,2,3.8,0.079,3.7,0.9,,,,,2008,,0
1267,7,3,2,31,6,83XAA04,1,3.0,0.049,3.0,,,,,,2008,,0
1268,7,4,2,31,6,83XAA04,1,3.9,0.083,3.9,,,,,,2008,,0
1269,7,13,3,34,6,83XAA04,2,4.2,0.095,3.6,2.1,,,,,2008,,0
1270,7,14,3,34,6,83XAA04,2,3.9,0.084,3.5,1.8,,,,,2008,,0
1271,7,15,3,34,6,83XAA04,3,4.3,0.099,4.0,1.3,0.7,,,,2008,,0
1272,7,16,3,34,6,83XAA04,2,4.0,0.089,2.8,2.9,,,,,2008,,0
1273,9,17,6,45,6,83XAA04,4,4.0,0.089,3.1,2.2,1.0,0.9,,,2008,,0
1274,9,18,6,45,6,83XAA04,4,2.7,0.040,1.8,1.3,1.2,1.0,,,2008,,0
1275,9,19,6,45,6,83XAA04,2,4.0,0.086,3.3,2.2,,,,,2008,,0
1276,9,20,6,45,6,83XAA04,5,4.3,0.103,2.8,2.2,1.6,1.6,1.0,,2008,,0
1277,2,5,1,9,6,84XAA04,5,3.5,0.065,2.2,1.8,1.8,0.7,0.4,,2008,,0
1278,2,6,1,9,6,84XAA04,2,3.6,0.070,3.4,1.1,,,,,2008,,0
1279,2,7,1,9,6,84XAA04,3,4.0,0.086,2.8,2.0,2.0,,,,2008,,0
1280,2,8,1,9,6,84XAA04,2,2.0,0.021,1.5,1.3,,,,,2008,,0
1281,4,13,5,17,6,84XAA04,2,3.0,0.049,2.3,1.9,,,,,2008,,0
1282,4,14,5,17,6,84XAA04,NA,0.0,0.000,,,,,,,2008,,
1283,4,15,5,17,6,84XAA04,1,3.2,0.056,3.2,,,,,,2008,,0
1284,4,16,5,17,6,84XAA04,3,4.0,0.087,3.1,2.0,1.5,,,,2008,,0
1285,5,9,4,23,6,84XAA04,1,2.2,0.026,2.2,,,,,,2008,,0
1286,5,10,4,23,6,84XAA04,2,2.6,0.036,2.0,1.6,,,,,2008,,0
1287,5,11,4,23,6,84XAA04,2,4.3,0.099,3.2,2.8,,,,,2008,,0
1288,5,12,4,23,6,84XAA04,1,3.6,0.071,3.6,,,,,,2008,,0
1289,8,17,6,36,6,84XAA04,2,3.0,0.049,2.9,0.8,,,,,2008,,0
1290,8,18,6,36,6,84XAA04,1,2.7,0.040,2.7,,,,,,2008,,0
1291,8,19,6,36,6,84XAA04,3,1.8,0.018,1.3,1.1,0.6,,,,2008,,0
1292,8,20,6,36,6,84XAA04,1,2.3,0.029,2.3,,,,,,2008,,0
1293,9,9,3,43,6,84XAA04,2,2.6,0.037,2.4,1.0,,,,,2008,,0
1294,9,10,3,43,6,84XAA04,2,3.4,0.062,3.1,1.3,,,,,2008,,0
1295,9,11,3,43,6,84XAA04,2,2.1,0.023,1.5,1.4,,,,,2008,,0
1296,9,12,3,43,6,84XAA04,1,1.4,0.011,1.4,,,,,,2008,,0
1297,10,1,2,50,6,84XAA04,2,3.3,0.059,3.2,0.7,,,,,2008,,0
1298,10,2,2,50,6,84XAA04,1,1.0,0.005,1.0,,,,,,2008,,0
1299,10,3,2,50,6,84XAA04,1,2.3,0.029,2.3,,,,,,2008,,0
1300,10,4,2,50,6,84XAA04,3,3.7,0.075,2.7,2.3,1.1,,,,2008,,0
1301,4,1,1,20,6,85XAA04,NA,0.0,0.000,,,,,,,2008,,
1302,4,2,1,20,6,85XAA04,1,2.3,0.029,2.3,,,,,,2008,,0
1303,4,3,1,20,6,85XAA04,1,0.3,0.000,0.3,,,,,,2008,,0
1304,4,4,1,20,6,85XAA04,1,0.1,0.000,0.1,,,,,,2008,,0
1305,4,9,4,18,6,85XAA04,1,1.3,0.009,1.3,,,,,,2008,,0
1306,4,10,4,18,6,85XAA04,2,1.7,0.015,1.5,0.7,,,,,2008,,0
1307,4,11,4,18,6,85XAA04,1,0.4,0.001,0.4,,,,,,2008,,0
1308,4,12,4,18,6,85XAA04,1,0.6,0.002,0.6,,,,,,2008,,0
1309,5,17,5,25,6,85XAA04,1,0.5,0.001,0.5,,,,,,2008,,0
1310,5,18,5,25,6,85XAA04,1,1.9,0.020,1.9,,,,,,2008,,0
1311,5,19,5,25,6,85XAA04,1,1.1,0.007,1.1,,,,,,2008,,0
1312,5,20,5,25,6,85XAA04,1,0.4,0.001,0.4,,,,,,2008,,0
1313,9,1,2,41,6,85XAA04,1,0.7,0.003,0.7,,,,,,2008,,0
1314,9,2,2,41,6,85XAA04,1,1.5,0.012,1.5,,,,,,2008,,0
1315,9,3,2,41,6,85XAA04,1,0.2,0.000,0.2,,,,,,2008,,0
1316,9,4,2,41,6,85XAA04,NA,0.0,0.000,,,,,,,2008,,0
1317,10,13,3,47,6,85XAA04,1,1.0,0.005,1.0,,,,,,2008,,0
1318,10,14,3,47,6,85XAA04,NA,0.0,0.000,,,,,,,2008,,0
1319,10,15,3,47,6,85XAA04,1,0.7,0.003,0.7,,,,,,2008,,0
1320,10,16,3,47,6,85XAA04,1,1.0,0.005,1.0,,,,,,2008,,0
1321,11,1,1,51,6,NM6,2,2.7,0.040,2.3,1.4,,,,,2008,,0
1322,11,2,1,51,6,NM6,1,3.4,0.063,3.4,,,,,,2008,,0
1323,11,3,1,51,6,NM6,1,2.6,0.037,2.6,,,,,,2008,,0
1324,11,4,1,51,6,NM6,1,2.6,0.037,2.6,,,,,,2008,,0
1325,11,5,2,52,6,NM6,1,3.0,0.049,3.0,,,,,,2008,,1
1326,11,6,2,52,6,NM6,1,3.0,0.049,3.0,,,,,,2008,,0
1327,11,7,2,52,6,NM6,1,3.4,0.063,3.4,,,,,,2008,,0
1328,11,8,2,52,6,NM6,2,4.8,0.126,4.1,2.5,,,,,2008,,0
1329,11,9,3,53,6,NM6,NA,0.0,0.000,,,,,,,2008,,0
1330,11,10,3,53,6,NM6,2,3.3,0.060,2.5,2.2,,,,,2008,,0
1331,11,11,3,53,6,NM6,1,3.4,0.063,3.4,,,,,,2008,,0
1332,11,12,3,53,6,NM6,1,3.5,0.067,3.5,,,,,,2008,,0
1333,11,13,4,54,6,NM6,1,1.5,0.012,1.5,,,,,,2008,,0
1334,11,14,4,54,6,NM6,1,0.8,0.003,0.8,,,,,,2008,,0
1335,11,15,4,54,6,NM6,1,2.1,0.024,2.1,,,,,,2008,,0
1336,11,16,4,54,6,NM6,1,2.4,0.031,2.4,,,,,,2008,,0
1337,11,17,5,55,6,NM6,1,3.5,0.067,3.5,,,,,,2008,,0
1338,11,18,5,55,6,NM6,1,3.2,0.056,3.2,,,,,,2008,,1
1339,11,19,5,55,6,NM6,1,2.7,0.040,2.7,,,,,,2008,,1
1340,11,20,5,55,6,NM6,1,1.9,0.020,1.9,,,,,,2008,,0
1341,12,17,6,56,6,NM6,2,1.5,0.013,1.5,0.3,,,,,2008,,0
1342,12,18,6,56,6,NM6,4,3.1,0.054,2.3,1.8,0.8,0.8,,,2008,,1
1343,12,19,6,56,6,NM6,1,3.4,0.063,3.4,,,,,,2008,,0
1344,12,20,6,56,6,NM6,2,2.7,0.041,2.4,1.3,,,,,2008,,1
1345,1,1,1,1,7,17XGA04,1,1.6,0.014,1.6,,,,,,2007,,
1346,1,2,1,1,7,17XGA04,1,0.7,0.003,0.7,,,,,,2007,,
1347,1,3,1,1,7,17XGA04,2,1.7,0.016,1.3,1.1,,,,,2007,,
1348,1,4,1,1,7,17XGA04,2,1.3,0.009,1.2,0.5,,,,,2007,,
1349,5,13,5,24,7,17XGA04,1,0.9,0.004,0.9,,,,,,2007,,
1350,5,14,5,24,7,17XGA04,3,1.5,0.012,1.1,0.8,0.6,,,,2007,,
1351,5,15,5,24,7,17XGA04,2,2.1,0.025,1.9,1.0,,,,,2007,,
1352,5,16,5,24,7,17XGA04,2,2.4,0.032,2.1,1.2,,,,,2007,,
1353,7,9,3,33,7,17XGA04,2,1.3,0.010,1.0,0.9,,,,,2007,,
1354,7,10,3,33,7,17XGA04,1,0.7,0.003,0.7,,,,,,2007,,
1355,7,11,3,33,7,17XGA04,2,1.1,0.006,0.8,0.7,,,,,2007,,
1356,7,12,3,33,7,17XGA04,1,0.2,0.000,0.2,,,,,,2007,,
1357,10,5,2,49,7,17XGA04,3,2.0,0.023,1.3,1.2,1.0,,,,2007,,
1358,10,6,2,49,7,17XGA04,3,1.6,0.013,1.2,0.7,0.7,,,,2007,,
1359,10,7,2,49,7,17XGA04,2,1.6,0.015,1.3,1.0,,,,,2007,,
1360,10,8,2,49,7,17XGA04,2,1.5,0.013,1.3,0.8,,,,,2007,,
1361,2,9,4,8,7,18XAG04,3,1.6,0.014,1.4,0.6,0.5,,,,2007,,
1362,2,10,4,8,7,18XAG04,1,1.9,0.020,1.9,,,,,,2007,,
1363,2,11,4,8,7,18XAG04,2,2.8,0.042,2.2,1.7,,,,,2007,,
1364,2,12,4,8,7,18XAG04,2,3.0,0.049,2.3,1.9,,,,,2007,,
1365,4,5,1,19,7,18XAG04,2,2.5,0.035,1.8,1.8,,,,,2007,,
1366,4,6,1,19,7,18XAG04,1,1.5,0.012,1.5,,,,,,2007,,
1367,4,7,1,19,7,18XAG04,2,1.9,0.020,1.4,1.3,,,,,2007,,
1368,4,8,1,19,7,18XAG04,3,2.6,0.038,2.4,0.9,0.6,,,,2007,,
1369,6,9,3,28,7,18XAG04,2,0.5,0.001,0.4,0.3,,,,,2007,,
1370,6,10,3,28,7,18XAG04,2,2.1,0.023,1.5,1.4,,,,,2007,,
1371,6,11,3,28,7,18XAG04,5,0.9,0.005,0.6,0.5,0.3,0.3,0.3,,2007,,
1372,6,12,3,28,7,18XAG04,1,1.2,0.008,1.2,,,,,,2007,,
1373,8,5,2,39,7,18XAG04,1,1.6,0.014,1.6,,,,,,2007,,
1374,8,6,2,39,7,18XAG04,1,0.8,0.003,0.8,,,,,,2007,,
1375,8,7,2,39,7,18XAG04,3,1.0,0.006,0.8,0.6,0.2,,,,2007,,
1376,8,8,2,39,7,18XAG04,3,2.0,0.022,1.7,0.9,0.6,,,,2007,,
1377,3,5,1,12,7,1XTE04,3,1.9,0.020,1.7,0.7,0.6,,,,2007,,
1378,3,6,1,12,7,1XTE04,1,1.1,0.007,1.1,,,,,,2007,,
1379,3,7,1,12,7,1XTE04,2,1.2,0.007,1.0,0.6,,,,,2007,,
1380,3,8,1,12,7,1XTE04,2,1.3,0.010,1.2,0.6,,,,,2007,,
1381,6,13,3,27,7,1XTE04,1,0.2,0.000,0.2,,,,,,2007,,
1382,6,14,3,27,7,1XTE04,1,0.4,0.001,0.4,,,,,,2007,,
1383,6,15,3,27,7,1XTE04,NA,0.0,0.000,,,,,,,2007,,
1384,6,16,3,27,7,1XTE04,1,1.1,0.007,1.1,,,,,,2007,,
1385,8,1,2,40,7,1XTE04,1,0.5,0.001,0.5,,,,,,2007,,
1386,8,2,2,40,7,1XTE04,NA,0.0,0.000,,,,,,,2007,,
1387,8,3,2,40,7,1XTE04,1,0.3,0.000,0.3,,,,,,2007,,
1388,8,4,2,40,7,1XTE04,1,0.8,0.003,0.8,,,,,,2007,,
1389,1,9,4,3,7,2XT4E04,NA,0.0,0.000,,,,,,,2007,,
1390,1,10,4,3,7,2XT4E04,NA,0.0,0.000,,,,,,,2007,,
1391,1,11,4,3,7,2XT4E04,NA,0.0,0.000,,,,,,,2007,,
1392,1,12,4,3,7,2XT4E04,NA,0.0,0.000,,,,,,,2007,,
1393,5,5,1,22,7,2XT4E04,1,0.5,0.001,0.5,,,,,,2007,,
1394,5,6,1,22,7,2XT4E04,NA,0.0,0.000,,,,,,,2007,,
1395,5,7,1,22,7,2XT4E04,NA,0.0,0.000,,,,,,,2007,,
1396,5,8,1,22,7,2XT4E04,2,0.4,0.001,0.3,0.2,,,,,2007,,
1397,7,5,2,32,7,2XT4E04,2,0.1,0.000,0.1,0.1,,,,,2007,,
1398,7,6,2,32,7,2XT4E04,NA,0.0,0.000,,,,,,,2007,,
1399,7,7,2,32,7,2XT4E04,1,1.0,0.005,1.0,,,,,,2007,,
1400,7,8,2,32,7,2XT4E04,3,0.8,0.003,0.6,0.4,0.3,,,,2007,,
1401,10,9,3,48,7,2XT4E04,2,0.9,0.004,0.7,0.5,,,,,2007,,
1402,10,10,3,48,7,2XT4E04,NA,0.0,0.000,,,,,,,2007,,
1403,10,11,3,48,7,2XT4E04,4,0.7,0.003,0.5,0.4,0.2,0.2,,,2007,,
1404,10,12,3,48,7,2XT4E04,NA,0.0,0.000,,,,,,,2007,,
1405,2,1,1,10,7,80XAA04,1,3.2,0.056,3.2,,,,,,2007,,
1406,2,2,1,10,7,80XAA04,1,1.8,0.018,1.8,,,,,,2007,,
1407,2,3,1,10,7,80XAA04,1,1.9,0.020,1.9,,,,,,2007,,
1408,2,4,1,10,7,80XAA04,1,1.2,0.008,1.2,,,,,,2007,,
1409,2,17,5,6,7,80XAA04,3,2.3,0.030,1.9,1.2,0.6,,,,2007,,
1410,2,18,5,6,7,80XAA04,2,2.4,0.031,2.3,0.6,,,,,2007,,
1411,2,19,5,6,7,80XAA04,5,3.9,0.082,2.4,2.1,1.5,1.3,1.0,,2007,,
1412,2,20,5,6,7,80XAA04,4,2.4,0.031,2.2,0.7,0.5,0.3,,,2007,,
1413,3,9,4,13,7,80XAA04,4,2.9,0.046,2.7,0.8,0.7,0.2,,,2007,,
1414,3,10,4,13,7,80XAA04,1,1.9,0.020,1.9,,,,,,2007,,
1415,3,11,4,13,7,80XAA04,2,1.6,0.014,1.2,1.1,,,,,2007,,
1416,3,12,4,13,7,80XAA04,2,3.1,0.054,3.0,0.9,,,,,2007,,
1417,9,5,2,42,7,80XAA04,2,3.3,0.059,3.2,0.7,,,,,2007,,
1418,9,6,2,42,7,80XAA04,1,3.2,0.056,3.2,,,,,,2007,,
1419,9,7,2,42,7,80XAA04,2,2.9,0.047,2.8,0.9,,,,,2007,,
1420,9,8,2,42,7,80XAA04,2,3.5,0.068,2.6,2.4,,,,,2007,,
1421,9,13,3,44,7,80XAA04,2,1.8,0.019,1.4,1.2,,,,,2007,,
1422,9,14,3,44,7,80XAA04,1,2.1,0.024,2.1,,,,,,2007,,
1423,9,15,3,44,7,80XAA04,3,1.8,0.018,1.3,1.0,0.8,,,,2007,,
1424,9,16,3,44,7,80XAA04,1,11.0,0.660,11.0,,,,,,2007,,
1425,10,17,6,46,7,80XAA04,2,2.4,0.032,2.3,0.7,,,,,2007,,
1426,10,18,6,46,7,80XAA04,1,0.7,0.003,0.7,,,,,,2007,,
1427,10,19,6,46,7,80XAA04,6,1.9,0.019,1.2,0.7,0.7,0.7,0.6,0.5,2007,,
1428,10,20,6,46,7,80XAA04,2,1.1,0.007,0.9,0.7,,,,,2007,,
1429,1,17,5,5,7,81XAA04,2,2.5,0.033,2.2,1.1,,,,,2007,,
1430,1,18,5,5,7,81XAA04,2,3.3,0.061,2.6,2.1,,,,,2007,,
1431,1,19,5,5,7,81XAA04,3,2.9,0.045,2.4,1.3,0.9,,,,2007,,
1432,1,20,5,5,7,81XAA04,1,1.8,0.018,1.8,,,,,,2007,,
1433,2,13,4,7,7,81XAA04,NA,0.0,0.000,,,,,,,2007,,
1434,2,14,4,7,7,81XAA04,1,1.5,0.012,1.5,,,,,,2007,,
1435,2,15,4,7,7,81XAA04,1,1.0,0.005,1.0,,,,,,2007,,
1436,2,16,4,7,7,81XAA04,NA,0.0,0.000,,,,,,,2007,,
1437,5,1,1,21,7,81XAA04,2,1.5,0.013,1.4,0.6,,,,,2007,,
1438,5,2,1,21,7,81XAA04,1,2.8,0.043,2.8,,,,,,2007,,
1439,5,3,1,21,7,81XAA04,1,1.6,0.014,1.6,,,,,,2007,,
1440,5,4,1,21,7,81XAA04,2,4.2,0.096,3.2,2.7,,,,,2007,,
1441,6,1,2,30,7,81XAA04,2,3.1,0.054,3.0,0.9,,,,,2007,,
1442,6,2,2,30,7,81XAA04,1,2.5,0.034,2.5,,,,,,2007,,
1443,6,3,2,30,7,81XAA04,1,3.1,0.052,3.1,,,,,,2007,,
1444,6,4,2,30,7,81XAA04,1,0.8,0.003,0.8,,,,,,2007,,
1445,7,17,6,35,7,81XAA04,1,0.4,0.001,0.4,,,,,,2007,,
1446,7,18,6,35,7,81XAA04,2,1.7,0.017,1.6,0.7,,,,,2007,,
1447,7,19,6,35,7,81XAA04,2,1.7,0.015,1.4,0.9,,,,,2007,,
1448,7,20,6,35,7,81XAA04,2,2.7,0.040,2.6,0.8,,,,,2007,,
1449,8,13,3,37,7,81XAA04,2,2.3,0.030,2.1,1.0,,,,,2007,,
1450,8,14,3,37,7,81XAA04,1,1.8,0.018,1.8,,,,,,2007,,
1451,8,15,3,37,7,81XAA04,NA,0.0,0.000,,,,,,,2007,,
1452,8,16,3,37,7,81XAA04,2,2.3,0.028,2.2,0.6,,,,,2007,,
1453,1,5,1,2,7,82XAA04,1,1.6,0.014,1.6,,,,,,2007,,
1454,1,6,1,2,7,82XAA04,1,1.0,0.005,1.0,,,,,,2007,,
1455,1,7,1,2,7,82XAA04,3,2.4,0.031,1.6,1.3,1.2,,,,2007,,
1456,1,8,1,2,7,82XAA04,1,0.9,0.004,0.9,,,,,,2007,,
1457,3,13,4,14,7,82XAA04,3,2.6,0.036,2.2,1.0,0.9,,,,2007,,
1458,3,14,4,14,7,82XAA04,2,2.6,0.038,2.5,0.8,,,,,2007,,
1459,3,15,4,14,7,82XAA04,2,2.0,0.021,1.5,1.3,,,,,2007,,
1460,3,16,4,14,7,82XAA04,2,2.0,0.022,1.9,0.7,,,,,2007,,
1461,4,17,5,16,7,82XAA04,2,1.3,0.010,1.2,0.6,,,,,2007,,
1462,4,18,5,16,7,82XAA04,3,2.2,0.025,1.6,1.2,0.8,,,,2007,,
1463,4,19,5,16,7,82XAA04,2,2.0,0.022,1.6,1.2,,,,,2007,,
1464,4,20,5,16,7,82XAA04,3,3.8,0.079,3.0,1.8,1.5,,,,2007,,
1465,6,5,2,29,7,82XAA04,3,2.2,0.026,1.9,0.8,0.7,,,,2007,,
1466,6,6,2,29,7,82XAA04,2,2.5,0.034,2.3,1.0,,,,,2007,,
1467,6,7,2,29,7,82XAA04,3,1.9,0.019,1.6,0.8,0.6,,,,2007,,
1468,6,8,2,29,7,82XAA04,5,1.3,0.009,0.8,0.8,0.4,0.3,0.3,,2007,,
1469,6,17,6,26,7,82XAA04,2,1.9,0.020,1.7,0.9,,,,,2007,,
1470,6,18,6,26,7,82XAA04,2,2.1,0.025,1.6,1.4,,,,,2007,,
1471,6,19,6,26,7,82XAA04,1,1.8,0.018,1.8,,,,,,2007,,
1472,6,20,6,26,7,82XAA04,2,2.7,0.039,2.2,1.5,,,,,2007,,
1473,8,9,3,38,7,82XAA04,3,2.4,0.032,1.9,1.1,1.0,,,,2007,,
1474,8,10,3,38,7,82XAA04,2,2.4,0.031,2.2,0.9,,,,,2007,,
1475,8,11,3,38,7,82XAA04,2,2.4,0.032,1.8,1.6,,,,,2007,,
1476,8,12,3,38,7,82XAA04,1,1.9,0.020,1.9,,,,,,2007,,
1477,1,13,4,4,7,83XAA04,6,3.0,0.049,2.4,1.1,0.9,0.8,0.5,0.5,2007,,
1478,1,14,4,4,7,83XAA04,3,2.9,0.045,2.3,1.5,0.8,,,,2007,,
1479,1,15,4,4,7,83XAA04,3,3.1,0.054,2.0,1.9,1.5,,,,2007,,
1480,1,16,4,4,7,83XAA04,2,2.2,0.028,2.1,0.8,,,,,2007,,
1481,3,1,1,11,7,83XAA04,4,2.8,0.043,2.6,0.9,0.5,0.3,,,2007,,
1482,3,2,1,11,7,83XAA04,4,3.0,0.048,2.3,1.7,0.7,0.3,,,2007,,
1483,3,3,1,11,7,83XAA04,2,2.5,0.034,1.9,1.6,,,,,2007,,
1484,3,4,1,11,7,83XAA04,3,2.8,0.044,2.2,1.6,0.8,,,,2007,,
1485,3,17,5,15,7,83XAA04,1,#VALUE!,#VALUE!,.1.1,1.0,,,,,2007,,
1486,3,18,5,15,7,83XAA04,1,2.9,0.046,2.9,,,,,,2007,,
1487,3,19,5,15,7,83XAA04,1,1.7,0.016,1.7,,,,,,2007,,
1488,3,20,5,15,7,83XAA04,2,2.7,0.039,2.2,1.5,,,,,2007,,
1489,7,1,2,31,7,83XAA04,2,2.7,0.040,2.6,0.7,,,,,2007,,
1490,7,2,2,31,7,83XAA04,2,3.1,0.052,3.0,0.7,,,,,2007,,
1491,7,3,2,31,7,83XAA04,1,2.0,0.022,2.0,,,,,,2007,,
1492,7,4,2,31,7,83XAA04,1,2.7,0.040,2.7,,,,,,2007,,
1493,7,13,3,34,7,83XAA04,2,3.1,0.052,2.8,1.3,,,,,2007,,
1494,7,14,3,34,7,83XAA04,2,2.6,0.037,2.3,1.2,,,,,2007,,
1495,7,15,3,34,7,83XAA04,3,3.1,0.053,2.9,0.9,0.7,,,,2007,,
1496,7,16,3,34,7,83XAA04,3,3.1,0.051,2.1,2.1,0.7,,,,2007,,
1497,9,17,6,45,7,83XAA04,4,2.9,0.047,2.3,1.5,0.8,0.7,,,2007,,
1498,9,18,6,45,7,83XAA04,5,2.1,0.024,1.3,1.0,0.9,0.7,0.6,,2007,,
1499,9,19,6,45,7,83XAA04,2,2.9,0.047,2.4,1.7,,,,,2007,,
1500,9,20,6,45,7,83XAA04,5,3.3,0.060,1.9,1.7,1.4,1.4,0.7,,2007,,
1501,2,5,1,9,7,84XAA04,5,2.4,0.031,1.5,1.3,1.2,0.5,0.3,,2007,,
1502,2,6,1,9,7,84XAA04,2,2.7,0.039,2.6,0.6,,,,,2007,,
1503,2,7,1,9,7,84XAA04,3,2.8,0.044,2.1,1.4,1.3,,,,2007,,
1504,2,8,1,9,7,84XAA04,2,1.2,0.008,0.9,0.8,,,,,2007,,
1505,4,13,5,17,7,84XAA04,2,2.3,0.028,1.7,1.5,,,,,2007,,
1506,4,14,5,17,7,84XAA04,1,0.2,0.000,0.2,,,,,,2007,,
1507,4,15,5,17,7,84XAA04,1,2.1,0.024,2.1,,,,,,2007,,
1508,4,16,5,17,7,84XAA04,3,2.7,0.039,2.0,1.4,1.1,,,,2007,,
1509,5,9,4,23,7,84XAA04,1,1.3,0.009,1.3,,,,,,2007,,
1510,5,10,4,23,7,84XAA04,2,1.8,0.018,1.5,1.0,,,,,2007,,
1511,5,11,4,23,7,84XAA04,2,2.5,0.035,1.8,1.8,,,,,2007,,
1512,5,12,4,23,7,84XAA04,1,2.9,0.046,2.9,,,,,,2007,,
1513,8,17,6,36,7,84XAA04,2,2.2,0.026,2.1,0.6,,,,,2007,,
1514,8,18,6,36,7,84XAA04,1,2.2,0.026,2.2,,,,,,2007,,
1515,8,19,6,36,7,84XAA04,3,1.6,0.015,1.1,0.9,0.8,,,,2007,,
1516,8,20,6,36,7,84XAA04,1,1.6,0.014,1.6,,,,,,2007,,
1517,9,9,3,43,7,84XAA04,3,2.0,0.021,1.8,0.6,0.5,,,,2007,,
1518,9,10,3,43,7,84XAA04,3,2.4,0.031,2.2,0.8,0.4,,,,2007,,
1519,9,11,3,43,7,84XAA04,2,1.4,0.011,1.0,1.0,,,,,2007,,
1520,9,12,3,43,7,84XAA04,1,0.6,0.002,0.6,,,,,,2007,,
1521,10,1,2,50,7,84XAA04,2,2.2,0.025,2.1,0.5,,,,,2007,,
1522,10,2,2,50,7,84XAA04,1,0.8,0.003,0.8,,,,,,2007,,
1523,10,3,2,50,7,84XAA04,1,2.5,0.034,2.5,,,,,,2007,,
1524,10,4,2,50,7,84XAA04,3,2.3,0.030,1.7,1.5,0.6,,,,2007,,
1525,4,1,1,20,7,85XAA04,NA,0.0,0.000,,,,,,,2007,,
1526,4,2,1,20,7,85XAA04,1,1.6,0.014,1.6,,,,,,2007,,
1527,4,3,1,20,7,85XAA04,1,0.3,0.000,0.3,,,,,,2007,,
1528,4,4,1,20,7,85XAA04,1,0.1,0.000,0.1,,,,,,2007,,
1529,4,9,4,18,7,85XAA04,1,0.7,0.003,0.7,,,,,,2007,,
1530,4,10,4,18,7,85XAA04,2,0.9,0.004,0.8,0.4,,,,,2007,,
1531,4,11,4,18,7,85XAA04,1,3.0,0.049,3.0,,,,,,2007,,
1532,4,12,4,18,7,85XAA04,1,0.3,0.000,0.3,,,,,,2007,,
1533,5,17,5,25,7,85XAA04,1,0.5,0.001,0.5,,,,,,2007,,
1534,5,18,5,25,7,85XAA04,1,1.4,0.011,1.4,,,,,,2007,,
1535,5,19,5,25,7,85XAA04,1,0.7,0.003,0.7,,,,,,2007,,
1536,5,20,5,25,7,85XAA04,1,0.3,0.000,0.3,,,,,,2007,,
1537,9,1,2,41,7,85XAA04,1,0.5,0.001,0.5,,,,,,2007,,
1538,9,2,2,41,7,85XAA04,1,0.9,0.004,0.9,,,,,,2007,,
1539,9,3,2,41,7,85XAA04,1,0.1,0.000,0.1,,,,,,2007,,
1540,9,4,2,41,7,85XAA04,1,0.8,0.003,0.8,,,,,,2007,,
1541,10,13,3,47,7,85XAA04,1,0.6,0.002,0.6,,,,,,2007,,
1542,10,14,3,47,7,85XAA04,NA,0.0,0.000,,,,,,,2007,,
1543,10,15,3,47,7,85XAA04,1,0.2,0.000,0.2,,,,,,2007,,
1544,10,16,3,47,7,85XAA04,1,0.7,0.003,0.7,,,,,,2007,,
1545,11,1,1,51,7,NM6,2,1.5,0.012,1.3,0.7,,,,,2007,,
1546,11,2,1,51,7,NM6,1,2.3,0.029,2.3,,,,,,2007,,
1547,11,3,1,51,7,NM6,1,2.5,0.034,2.5,,,,,,2007,,
1548,11,4,1,51,7,NM6,1,1.6,0.014,1.6,,,,,,2007,,
1549,11,5,2,52,7,NM6,1,2.0,0.022,2.0,,,,,,2007,,
1550,11,6,2,52,7,NM6,1,2.0,0.022,2.0,,,,,,2007,,
1551,11,7,2,52,7,NM6,1,2.2,0.026,2.2,,,,,,2007,,
1552,11,8,2,52,7,NM6,2,3.4,0.063,3.0,1.6,,,,,2007,,
1553,11,9,3,53,7,NM6,NA,0.0,0.000,,,,,,,2007,,
1554,11,10,3,53,7,NM6,2,2.1,0.023,1.5,1.4,,,,,2007,,
1555,11,11,3,53,7,NM6,1,2.3,0.029,2.3,,,,,,2007,,
1556,11,12,3,53,7,NM6,1,2.4,0.031,2.4,,,,,,2007,,
1557,11,13,4,54,7,NM6,2,0.7,0.003,0.7,0.2,,,,,2007,,
1558,11,14,4,54,7,NM6,3,0.4,0.001,0.3,0.2,0.1,,,,2007,,
1559,11,15,4,54,7,NM6,3,1.2,0.008,1.0,0.5,0.4,,,,2007,,
1560,11,16,4,54,7,NM6,1,1.3,0.009,1.3,,,,,,2007,,
1561,11,17,5,55,7,NM6,1,2.4,0.031,2.4,,,,,,2007,,
1562,11,18,5,55,7,NM6,1,1.5,0.012,1.5,,,,,,2007,,
1563,11,19,5,55,7,NM6,1,1.4,0.011,1.4,,,,,,2007,,
1564,11,20,5,55,7,NM6,1,1.0,0.005,1.0,,,,,,2007,,
1565,12,17,6,56,7,NM6,3,0.9,0.005,0.7,0.5,0.4,,,,2007,,
1566,12,18,6,56,7,NM6,5,1.9,0.019,1.5,0.8,0.5,0.5,0.3,,2007,,
1567,12,19,6,56,7,NM6,1,2.3,0.029,2.3,,,,,,2007,,
1568,12,20,6,56,7,NM6,2,1.5,0.013,1.3,0.8,,,,,2007,,
