Col,Row,Blk,Plot,Name,Stems,IBAP13,IBA13,DBH13eq,MAIBA13,BAtot13,DBH 13,DBH 13a,DBH 13b,DBH 13c,DBH 13d,DBH 13e,Canker,Ht12 (ft),Ht12a (ft),Ht12b (ft),Ht12c (ft),Ht12d (ft),IBAP12,IBA12,DBH12eq,MAIBA12,BAtot12,DBH 12,DBH 12a,DBH 12b,DBH 12c,DBH 12d,DBH 12e,Canker,IBAP11,IBA11,DBH11eq,MAIBA11,BAtot11,DBH 11,DBH11a,DBH 11b,DBH 11c,DBH 11d,DBH 11e,IBAP10,IBA10,DBH10eq,MAIBA10,BAtot10,DBH 10,DBH 10a,DBH 10b,DBH 10c,DBH 10d,DBH 10e,BLD or Rust 10,Canker 10,IBAP09,IBA09,DBH09eq,MAIBA09,BAtot09,DBH 09,DBH 09a,DBH 09b,DBH 09c,DBH 09d,DBH 09e,IBAP08,IBA08,DBH08eq,MAIBA08,BAtot08,DBH 08,DBH 08a,DBH 08b,DBH 08c,DBH 08d,DBH 08e,Ht 08,DBH07eq,MAIBA07,BAtot07,DBH 07,DBH 07a,DBH 07b,DBH 07c,DBH 07d,DBH 07e,"Leaf
Spot08 4yr","Leaf
Rust08 4yr",Canker08 4yr
1,1,1,1,17XGA04,1,25%,0.035,5.6,0.019,0.171,5.6,,,,,,0,32.6,,,,,,,5,0.017,0.136,5,,,,,,0,,,0,NA,NA,,,,,,,8%,0.003,2.8,0.007,0.043,2.8,,,,,,3,0,38%,0.011,2.7,0.008,0.04,2.7,,,,,,107%,0.015,2.3,0.007,0.029,2.3,,,,,,16.5,1.6,0.005,0.014,1.6,,,,,,0,1,0
1,2,1,1,17XGA04,1,40%,0.016,3.2,0.006,0.056,3.2,,,,,,0,27.2,,,,,,,2.7,0.005,0.04,2.7,,,,,,0,,,0,NA,NA,,,,,,,38%,0.006,2,0.004,0.022,2,,,,,,3,0,71%,0.007,1.7,0.003,0.016,1.7,,,,,,245%,0.007,1.3,0.002,0.009,1.3,,,,,,13.5,0.7,0.001,0.003,0.7,,,,,,0,1,0
1,3,1,1,17XGA04,2,25%,0.069,8,0.039,0.348,5.5,5.8,,,,,0,39.3,38.3,,,,,,7.2,0.035,0.28,5.4,4.7,,,,,0,,,0,NA,NA,,,,,,,56%,0.041,4.6,0.019,0.115,3.3,3.2,,,,,3,0,59%,0.027,3.7,0.015,0.074,2.7,2.5,,,,,194%,0.031,2.9,0.012,0.047,2.3,1.8,,,,,19.5,1.7,0.005,0.016,1.3,1.1,,,,,0,1,0
1,4,1,1,17XGA04,2,39%,0.024,4,0.009,0.085,3.8,1.1,,,,,0,35.3,,,,,,,3.4,0.008,0.061,3.2,1,,,,,0,,,0,NA,NA,,,,,,,59%,0.015,2.7,0.007,0.04,2.6,0.8,,,,,3,0,52%,0.009,2.2,0.005,0.025,2,0.8,,,,,80%,0.007,1.7,0.004,0.017,1.6,0.7,,,,,14,1.3,0.003,0.009,1.2,0.5,,,,,0,0,0
1,5,1,2,82XAA04,1,15%,0.024,5.8,0.02,0.183,5.8,,,,,,0,39.5,,,,,,,5.4,0.02,0.159,5.4,,,,,,0,,,0,NA,NA,,,,,,,52%,0.026,3.7,0.012,0.075,3.7,,,,,,2,0,44%,0.015,3,0.01,0.049,3,,,,,,144%,0.02,2.5,0.009,0.034,2.5,,,,,,20,1.6,0.005,0.014,1.6,,,,,,0,1,0
1,6,1,2,82XAA04,1,42%,0.04,5,0.015,0.136,5,,,,,,0,36,,,,,,,4.2,0.012,0.096,4.2,,,,,,0,,,0,NA,NA,,,,,,,56%,0.018,3,0.008,0.049,3,,,,,,2,0,78%,0.014,2.4,0.006,0.031,2.4,,,,,,224%,0.012,1.8,0.004,0.018,1.8,,,,,,16.5,1,0.002,0.005,1,,,,,,0,1,0
1,7,1,2,82XAA04,3,34%,0.105,8.7,0.046,0.41,6.9,4.5,2.7,,,,0,38.8,37,,,,,,7.5,0.038,0.305,5.8,4,2.5,,,,0,,,0,NA,NA,,,,,,,67%,0.075,5.8,0.031,0.186,4.7,2.6,2.3,,,,2,0,58%,0.041,4.5,0.022,0.111,3.2,2.4,2.1,,,,127%,0.039,3.6,0.018,0.07,2.6,1.7,1.8,,,,22,2.4,0.01,0.031,1.6,1.3,1.2,,,,0,1,0
1,8,1,2,82XAA04,0,,,0,NA,NA,,,,,,,0,,,,,,,,0,NA,NA,,,,,,,0,,,0,NA,NA,,,,,,,0%,0,1.3,0.002,0.009,1.3,,,,,,5,0,0%,0,1.3,0.002,0.009,1.3,,,,,,109%,0.005,1.3,0.002,0.009,1.3,,,,,,13.5,0.9,0.001,0.004,0.9,,,,,,0,2,0
1,9,4,3,2XT4E04,0,,,0,NA,NA,,,,,,,0,,,,,,,,0,NA,NA,,,,,,,0,,,0,NA,NA,,,,,,,,,0,NA,NA,,,,,,,,,,,0,NA,NA,,,,,,,,,0,NA,NA,,,,,,,,0,NA,NA,,,,,,,,,
1,10,4,3,2XT4E04,0,,,0,NA,NA,,,,,,,0,,,,,,,,0,NA,NA,,,,,,,0,,,0,NA,NA,,,,,,,,,0,NA,NA,,,,,,,,,,,0,NA,NA,,,,,,,,,0,NA,NA,,,,,,,,0,NA,NA,,,,,,,,,
1,11,4,3,2XT4E04,0,,,0,NA,NA,,,,,,,0,,,,,,,,0,NA,NA,,,,,,,0,,,0,NA,NA,,,,,,,,,0,NA,NA,,,,,,,,,,,0,NA,NA,,,,,,,,,0,NA,NA,,,,,,,,0,NA,NA,,,,,,,,,
1,12,4,3,2XT4E04,0,,,0,NA,NA,,,,,,,0,,,,,,,,0,NA,NA,,,,,,,0,,,0,NA,NA,,,,,,,,,0,NA,NA,,,,,,,,,,,0,NA,NA,,,,,,,,,0,NA,NA,,,,,,,,0,NA,NA,,,,,,,,,
1,13,4,4,83XAA04,4,34%,0.105,8.7,0.046,0.414,6.5,4.4,3.5,1.4,,,0,38.1,34.7,29.9,,,24%,0.06,7.5,0.039,0.309,5.8,3.5,3,1.3,,,0,26%,0.051,6.8,0.036,0.249,5.2,3.1,3,,,,42%,0.058,6,0.033,0.197,4.6,2.8,2.4,1.2,,,3,0,49%,0.046,5.1,0.028,0.139,3.7,2.2,2.1,1.2,0.8,0.7,92%,0.045,4.1,0.023,0.093,3.2,1.6,1.5,1.1,0.7,0.6,22,3,0.016,0.049,2.4,1.1,0.9,0.8,0.5,0.5,0,1,0
1,14,4,4,83XAA04,3,32%,0.127,9.8,0.058,0.52,8,5.3,1.8,,,,0,44.2,39.4,,,,21%,0.069,8.5,0.049,0.393,6.9,4.6,1.8,,,,0,45%,0.101,7.7,0.046,0.324,6.2,4.2,1.8,,,,48%,0.073,6.4,0.037,0.223,5.2,3.3,1.7,,,,2,0,66%,0.059,5.2,0.03,0.15,4.2,2.7,1.6,,,,103%,0.046,4.1,0.023,0.091,3.4,1.9,1.2,,,,23,2.9,0.015,0.045,2.3,1.5,0.8,,,,0,1,0
1,15,4,4,83XAA04,3,21%,0.083,9.4,0.053,0.478,5.6,5.5,5.1,,,,0,40.5,38.5,34.7,,,21%,0.067,8.5,0.049,0.395,5.3,4.9,4.5,,,,0,37%,0.089,7.7,0.047,0.327,4.7,4.5,4.2,,,,30%,0.055,6.6,0.04,0.238,4.3,3.5,3.6,,,,2,0,38%,0.05,5.8,0.037,0.183,3.7,3.2,3.1,,,,147%,0.079,4.9,0.033,0.133,3.1,3,2.4,,,,21,3.1,0.018,0.054,2,1.9,1.5,,,,0,1,1
1,16,4,4,83XAA04,2,26%,0.09,8.9,0.048,0.432,7.9,4.1,,,,,0,42.9,35.9,,,,32%,0.083,7.9,0.043,0.342,7.1,3.5,,,,,0,36%,0.069,6.9,0.037,0.259,6.1,3.2,,,,,55%,0.067,5.9,0.032,0.19,5.3,2.6,,,,,1,0,84%,0.056,4.7,0.025,0.123,4.2,2.2,,,,,142%,0.039,3.5,0.017,0.067,3.2,1.4,,,,,23,2.2,0.009,0.028,2.1,0.8,,,,,0,1,0
1,17,5,5,81XAA04,2,20%,0.036,6.3,0.024,0.215,5.8,2.4,,,,,0,36.8,28.7,,,,,,5.7,0.022,0.179,5.2,2.4,,,,,0,,,0,NA,NA,,,,,,,35%,0.029,4.6,0.019,0.114,4,2.2,,,,,1,0,40%,0.024,3.9,0.017,0.084,3.5,1.8,,,,,83%,0.027,3.3,0.015,0.06,2.8,1.8,,,,,21,2.5,0.011,0.033,2.2,1.1,,,,,0,1,0
1,18,5,5,81XAA04,2,26%,0.096,9.3,0.052,0.472,7.5,5.5,,,,,0,37.3,37.3,,,,,,8.3,0.047,0.376,6.7,4.9,,,,,0,,,0,NA,NA,,,,,,,47%,0.067,6.2,0.035,0.211,5.2,3.4,,,,,1,0,42%,0.043,5.1,0.029,0.144,4.3,2.8,,,,,66%,0.04,4.3,0.025,0.101,3.5,2.5,,,,,23,3.3,0.02,0.061,2.6,2.1,,,,,0,1,0
1,19,5,5,81XAA04,3,24%,0.065,7.9,0.037,0.337,6.7,3.4,2.3,,,,0,35,25.2,21.7,,,,,7.1,0.034,0.272,5.9,3.2,2.2,,,,0,,,0,NA,NA,,,,,,,47%,0.055,5.6,0.029,0.174,4.5,2.6,2.2,,,,1,0,44%,0.036,4.7,0.024,0.118,3.7,2,2,,,,83%,0.037,3.9,0.021,0.082,3.2,1.7,1.4,,,,23,2.9,0.015,0.045,2.4,1.3,0.9,,,,0,1,0
1,20,5,5,81XAA04,1,17%,0.013,4,0.01,0.087,4,,,,,,0,26,,,,,,,3.7,0.009,0.075,3.7,,,,,,0,,,0,NA,NA,,,,,,,36%,0.011,2.8,0.007,0.043,2.8,,,,,,3,0,0%,0,2.4,0.006,0.031,2.4,,,,,,78%,0.014,2.4,0.008,0.031,2.4,,,,,,16,1.8,0.006,0.018,1.8,,,,,,0,1,0
2,1,1,10,80XAA04,1,28%,0.106,9.4,0.054,0.482,9.4,,,,,,0,44.7,,,,,16%,0.052,8.3,0.047,0.376,8.3,,,,,,0,45%,0.1,7.7,0.046,0.323,7.7,,,,,,46%,0.07,6.4,0.037,0.223,6.4,,,,,,1,0,76%,0.066,5.3,0.031,0.153,5.3,,,,,,56%,0.031,4,0.022,0.087,4,,,,,,23.9,3.2,0.019,0.056,3.2,,,,,,0,1,0
2,2,1,10,80XAA04,1,28%,0.056,6.8,0.028,0.252,6.8,,,,,,0,38.2,,,,,38%,0.054,6,0.025,0.196,6,,,,,,0,47%,0.046,5.1,0.02,0.142,5.1,,,,,,62%,0.037,4.2,0.016,0.096,4.2,,,,,,1,0,74%,0.025,3.3,0.012,0.059,3.3,,,,,,93%,0.016,2.5,0.009,0.034,2.5,,,,,,18.1,1.8,0.006,0.018,1.8,,,,,,0,1,0
2,3,1,10,80XAA04,1,26%,0.046,6.4,0.025,0.223,6.4,,,,,,0,38.9,,,,,20%,0.03,5.7,0.022,0.177,5.7,,,,,,0,46%,0.047,5.2,0.021,0.147,5.2,,,,,,60%,0.038,4.3,0.017,0.101,4.3,,,,,,1,0,59%,0.023,3.4,0.013,0.063,3.4,,,,,,102%,0.02,2.7,0.01,0.04,2.7,,,,,,21,1.9,0.007,0.02,1.9,,,,,,0,1,0
2,4,1,10,80XAA04,1,15%,0.006,3,0.005,0.049,3,,,,,,0,32.8,,,,,16%,0.006,2.8,0.005,0.043,2.8,,,,,,0,40%,0.01,2.6,0.005,0.037,2.6,,,,,,10%,0.002,2.2,0.004,0.026,2.2,,,,,,2,0,53%,0.008,2.1,0.005,0.024,2.1,,,,,,101%,0.008,1.7,0.004,0.016,1.7,,,,,,15.5,1.2,0.003,0.008,1.2,,,,,,0,1,0
2,5,1,9,84XAA04,4,28%,0.076,8,0.039,0.347,4.4,4.5,4.7,1.4,,,0,45.6,42.5,42.5,,,,,7.1,0.034,0.271,4.1,4,3.9,1.3,,,0,,,0,NA,NA,,,,,,,66%,0.069,5.6,0.029,0.172,3.3,3.1,3.1,1.2,,,2,0,59%,0.038,4.4,0.021,0.104,2.5,2.4,2.4,1.1,,,109%,0.034,3.5,0.016,0.065,2.2,1.8,1.8,0.7,0.4,,19.4,2.4,0.01,0.031,1.5,1.3,1.2,0.5,0.3,,0,1,0
2,6,1,9,84XAA04,1,23%,0.037,6,0.022,0.196,6,,,,,,0,39.5,,,,,,,5.4,0.02,0.159,5.4,,,,,,0,,,0,NA,NA,,,,,,,19%,0.019,4.6,0.02,0.117,4.5,1.1,,,,,2,0,41%,0.029,4.2,0.02,0.098,4.1,1.1,,,,,79%,0.031,3.6,0.017,0.07,3.4,1.1,,,,,23.3,2.7,0.013,0.039,2.6,0.6,,,,,0,1,0
2,7,1,9,84XAA04,3,16%,0.044,7.7,0.036,0.327,5.1,5,3,,,,0,34.6,33.6,33.6,,,,,7.2,0.035,0.283,5,4.3,2.9,,,,0,,,0,NA,NA,,,,,,,41%,0.052,5.8,0.03,0.181,4.1,3.1,2.6,,,,2,0,49%,0.042,4.9,0.026,0.129,3.3,2.8,2.2,,,,97%,0.042,4,0.022,0.086,2.8,2,2,,,,19.4,2.8,0.015,0.044,2.1,1.4,1.3,,,,0,1,0
2,8,1,9,84XAA04,2,28%,0.027,4.7,0.014,0.122,3.4,3.3,,,,,0,27.6,24.9,,,,,,4.2,0.012,0.096,3.2,2.7,,,,,0,,,0,NA,NA,,,,,,,49%,0.022,3.5,0.011,0.068,2.5,2.5,,,,,2,0,113%,0.024,2.9,0.009,0.046,2.1,2,,,,,172%,0.014,2,0.005,0.021,1.5,1.3,,,,,13.8,1.2,0.003,0.008,0.9,0.8,,,,,0,1,0
2,9,4,8,18XAG04,2,31%,0.026,4.4,0.012,0.107,4.2,1.4,,,,,0,33.1,,,,,,,3.9,0.01,0.081,3.6,1.4,,,,,0,,,0,NA,NA,,,,,,,43%,0.016,3.1,0.009,0.054,2.8,1.2,0.8,,,,2,0,59%,0.014,2.6,0.008,0.038,2.3,1,0.8,,,,70%,0.01,2.1,0.006,0.024,1.8,0.7,0.8,,,,14.7,1.6,0.005,0.014,1.4,0.6,0.5,,,,0,1,1
2,10,4,8,18XAG04,1,23%,0.037,6,0.022,0.196,6,,,,,,0,37.3,,,,,,,5.4,0.02,0.159,5.4,,,,,,0,,,0,NA,NA,,,,,,,54%,0.032,4.1,0.015,0.092,4.1,,,,,,2,0,49%,0.02,3.3,0.012,0.059,3.3,,,,,,102%,0.02,2.7,0.01,0.04,2.7,,,,,,20.8,1.9,0.007,0.02,1.9,,,,,,0,1,0
2,11,4,8,18XAG04,2,22%,0.066,8.2,0.041,0.367,5.7,5.9,,,,,0,46,37.3,,,,,,7.4,0.038,0.301,5.5,5,,,,,0,,,0,NA,NA,,,,,,,60%,0.061,5.5,0.027,0.162,4.1,3.6,,,,,2,0,48%,0.033,4.3,0.02,0.102,3.2,2.9,,,,,63%,0.026,3.5,0.017,0.069,2.7,2.3,,,,,22.7,2.8,0.014,0.042,2.2,1.7,,,,,0,1,0
2,12,4,8,18XAG04,2,17%,0.046,7.7,0.036,0.325,5.7,5.2,,,,,0,38.4,36.9,,,,,,7.1,0.035,0.278,5.1,5,,,,,0,,,0,NA,NA,,,,,,,55%,0.064,5.7,0.03,0.179,4.1,4,,,,,3,0,25%,0.023,4.6,0.023,0.115,3.3,3.2,,,,,89%,0.043,4.1,0.023,0.092,3,2.8,,,,,22.1,3,0.016,0.049,2.3,1.9,,,,,0,1,0
2,13,4,7,81XAA04,0,,,0,NA,NA,,,,,,,0,,,,,,,,0,NA,NA,,,,,,,0,,,0,NA,NA,,,,,,,,,0,NA,NA,,,,,,,,,,,0,NA,NA,,,,,,,,,0,NA,NA,,,,,,,,0,NA,NA,,,,,,,,,
2,14,4,7,81XAA04,1,43%,0.05,5.5,0.018,0.165,5.5,,,,,,0,40,,,,,,,4.6,0.014,0.115,4.6,,,,,,0,,,0,NA,NA,,,,,,,54%,0.025,3.6,0.012,0.071,3.6,,,,,,1,0,59%,0.017,2.9,0.009,0.046,2.9,,,,,,135%,0.017,2.3,0.007,0.029,2.3,,,,,,19.9,1.5,0.004,0.012,1.5,,,,,,0,1,0
2,15,4,7,81XAA04,1,7%,0.003,2.9,0.005,0.046,2.9,,,,,,0,25.3,,,,,,,2.8,0.005,0.043,2.8,,,,,,0,,,0,NA,NA,,,,,,,20%,0.005,2.3,0.005,0.029,2.3,,,,,,1,0,72%,0.01,2.1,0.005,0.024,2.1,,,,,,156%,0.009,1.6,0.003,0.014,1.6,,,,,,14,1,0.002,0.005,1,,,,,,0,1,0
2,16,4,7,81XAA04,0,,,0,NA,NA,,,,,,,0,,,,,,,,0,NA,NA,,,,,,,0,,,0,NA,NA,,,,,,,,,0,NA,NA,,,,,,,,,,,0,NA,NA,,,,,,,,,0,NA,NA,,,,,,,,0,NA,NA,,,,,,,,,
2,17,5,6,80XAA04,2,24%,0.039,6.1,0.023,0.204,4.8,3.8,,,,,0,39.1,39.1,,,,33%,0.041,5.5,0.021,0.165,4.4,3.3,,,,,0,8%,0.01,4.8,0.018,0.124,3.7,3,,,,,46%,0.036,4.6,0.019,0.114,3.7,2.6,0.7,,,,1,0,24%,0.015,3.8,0.016,0.078,3,2.2,0.7,,,,114%,0.034,3.4,0.016,0.063,2.8,1.8,0.7,,,,20,2.3,0.01,0.03,1.9,1.2,0.6,,,,0,1,0
2,18,5,6,80XAA04,1,19%,0.031,5.9,0.021,0.19,5.9,,,,,,0,36.3,,,,,27%,0.033,5.4,0.02,0.159,5.4,,,,,,0,31%,0.029,4.8,0.018,0.126,4.8,,,,,,24%,0.019,4.2,0.016,0.096,4.2,,,,,,1,0,25%,0.015,3.8,0.015,0.077,3.7,0.7,,,,,101%,0.031,3.4,0.016,0.062,3.3,0.7,,,,,20.2,2.4,0.01,0.031,2.3,0.6,,,,,0,1,0
2,19,5,6,80XAA04,5,10%,0.038,8.6,0.045,0.402,5.4,4.2,4,3,1.4,,0,38.5,34.4,30.6,28.5,,19%,0.057,8.2,0.046,0.365,4.8,4.2,3.9,3,1.4,,0,31%,0.074,7.5,0.044,0.307,4.5,3.7,3.7,2.6,1.4,,26%,0.048,6.5,0.039,0.234,3.8,3.2,3.2,2.5,1.3,,1,0,39%,0.052,5.8,0.037,0.186,3.3,3.1,2.6,2.2,1.4,,62%,0.051,5,0.033,0.134,2.8,2.8,2,1.7,1.4,,22.1,3.9,0.027,0.082,2.4,2.1,1.5,1.3,1,,0,1,0
2,20,5,6,80XAA04,1,38%,0.097,8,0.039,0.349,8,,,,,,0,37.1,,,,,17%,0.037,6.8,0.032,0.252,6.8,,,,,,0,29%,0.049,6.3,0.031,0.215,6,1.5,0.9,0.6,,,41%,0.048,5.5,0.028,0.166,5.2,1.5,0.9,0.6,,,2,0,34%,0.03,4.6,0.024,0.118,4.3,1.4,0.9,0.6,,,184%,0.057,4,0.022,0.088,3.6,1.4,0.9,0.6,,,22.4,2.4,0.01,0.031,2.2,0.7,0.5,0.3,,,0,1,0
3,1,1,11,83XAA04,4,45%,0.134,8.9,0.048,0.433,7.5,4.3,1.7,1.3,,,0,38.1,36.7,,,,4%,0.012,7.4,0.037,0.299,6.5,3.2,1.5,,,,0,32%,0.07,7.2,0.041,0.286,6.2,3.3,1.4,1.1,,,57%,0.079,6.3,0.036,0.217,5.3,2.9,1.4,1.1,,,2,0,49%,0.045,5,0.028,0.138,4.1,2.5,1.2,0.9,,,115%,0.05,4.1,0.023,0.093,3.4,1.9,1.1,0.8,,,22,2.8,0.014,0.043,2.6,0.9,0.5,0.3,,,0,1,0
3,2,1,11,83XAA04,3,8%,0.028,8.4,0.043,0.387,6.4,5.1,2,,,,0,40.4,40.4,23,,,28%,0.079,8.1,0.045,0.359,6.3,4.7,2,,,,0,43%,0.084,7.2,0.04,0.28,5.6,4,2,,,,24%,0.038,6,0.033,0.196,4.4,3.6,1.9,,,,2,0,50%,0.053,5.4,0.032,0.158,4.1,2.8,1.8,1,,,120%,0.057,4.4,0.026,0.105,3.2,2.4,1.5,1,,,22.4,3,0.016,0.048,2.3,1.7,0.7,0.3,,,0,1,0
3,3,1,11,83XAA04,2,15%,0.032,6.6,0.027,0.24,5.3,4,,,,,0,43.6,38.3,,,,22%,0.038,6.2,0.026,0.209,4.8,3.9,,,,,0,6%,0.009,5.6,0.024,0.171,4.2,3.7,,,,,48%,0.052,5.4,0.027,0.162,4,3.7,,,,,2,0,66%,0.043,4.5,0.022,0.11,3.5,2.8,,,,,97%,0.033,3.5,0.017,0.066,2.7,2.2,,,,,20.8,2.5,0.011,0.034,1.9,1.6,,,,,0,1,0
3,4,1,11,83XAA04,3,10%,0.042,9.1,0.05,0.448,7.2,5.3,1.5,,,,0,42.1,42,,,,29%,0.09,8.6,0.051,0.406,6.8,5.1,1.5,,,,0,20%,0.053,7.6,0.045,0.316,6,4.5,1.3,,,,49%,0.087,6.9,0.044,0.263,5.5,4.1,1.3,,,,2,0,64%,0.069,5.7,0.035,0.176,4.4,3.4,1.2,,,,145%,0.064,4.4,0.027,0.107,3.5,2.5,1.1,,,,23.1,2.8,0.015,0.044,2.2,1.6,0.8,,,,0,1,0
3,5,1,12,1XTE04,3,12%,0.021,6,0.022,0.194,4.5,3,2.5,,,,0,42,38,38,,,,,5.6,0.022,0.173,4.2,2.8,2.5,,,,0,,,0,NA,NA,,,,,,,70%,0.05,4.7,0.02,0.121,3.1,3,1.9,,,,2,0,52%,0.024,3.6,0.014,0.071,2.7,1.8,1.6,,,,131%,0.027,2.9,0.012,0.047,2.4,1.2,1.2,,,,21.6,1.9,0.007,0.02,1.7,0.7,0.6,,,,0,0,0
3,6,1,12,1XTE04,1,0%,0,3.3,0.007,0.059,3.3,,,,,,0,31.2,,,,,,,3.3,0.007,0.059,3.3,,,,,,0,,,0,NA,NA,,,,,,,0%,0,2.6,0.006,0.037,2.6,,,,,,2,0,109%,0.019,2.6,0.007,0.037,2.4,1,,,,,168%,0.011,1.8,0.004,0.018,1.8,,,,,,18.2,1.1,0.002,0.007,1.1,,,,,,0,0,0
3,7,1,12,1XTE04,2,7%,0.009,5,0.015,0.136,4,3,,,,,0,40.1,36.5,,,,,,4.8,0.016,0.128,3.8,3,,,,,0,,,0,NA,NA,,,,,,,53%,0.025,3.6,0.012,0.071,2.7,2.4,,,,,2,0,64%,0.018,2.9,0.009,0.047,2.3,1.8,,,,,282%,0.021,2.3,0.007,0.028,1.8,1.4,,,,,18.2,1.2,0.002,0.007,1,0.6,,,,,0,0,0
3,8,1,12,1XTE04,2,0%,0,5.8,0.02,0.184,4.4,3.8,,,,,0,39.9,37.8,,,,,,5.8,0.023,0.184,4.4,3.8,,,,,0,,,0,NA,NA,,,,,,,54%,0.031,4,0.015,0.089,3,2.7,,,,,2,0,72%,0.024,3.3,0.012,0.058,2.4,2.2,,,,,243%,0.024,2.5,0.008,0.034,1.9,1.6,,,,,18.6,1.3,0.003,0.01,1.2,0.6,,,,,0,0,0
3,9,4,13,80XAA04,3,12%,0.049,9.2,0.051,0.457,8.1,3.6,2.3,,,,0,41.5,39.2,26.6,,,20%,0.067,8.6,0.051,0.408,7.7,2.3,3.2,,,,0,35%,0.089,7.9,0.049,0.341,7,3,2,0.7,,,60%,0.095,6.8,0.042,0.252,6.1,1.8,2.3,0.7,,,2,0,61%,0.06,5.4,0.031,0.157,4.8,1.7,1.6,0.6,,,112%,0.052,4.2,0.024,0.098,3.8,1.3,1.2,0.6,,,22.7,2.9,0.015,0.046,2.7,0.8,0.7,0.2,,,0,1,0
3,10,4,13,80XAA04,1,13%,0.016,4.9,0.015,0.131,4.9,,,,,,0,37.4,,,,,0%,0,4.6,0.014,0.115,4.6,,,,,,0,55%,0.041,4.6,0.016,0.115,4.6,,,,,,42%,0.022,3.7,0.012,0.075,3.7,,,,,,3,0,42%,0.016,3.1,0.01,0.052,3.1,,,,,,87%,0.017,2.6,0.009,0.037,2.6,,,,,,19,1.9,0.007,0.02,1.9,,,,,,0,1,0
3,11,4,13,80XAA04,0,,,0,NA,NA,,,,,,,0,,,,,,,,0,NA,NA,,,,,,,0,0%,0,2.5,0.005,0.034,1.9,1.6,,,,,6%,0.002,2.5,0.006,0.034,1.9,1.6,,,,,3,0,13%,0.004,2.4,0.006,0.032,1.8,1.6,,,,,93%,0.013,2.3,0.007,0.028,1.6,1.6,,,,,16.7,1.6,0.005,0.014,1.2,1.1,,,,,0,1,0
3,12,4,13,80XAA04,2,15%,0.071,10.1,0.062,0.556,9.7,2.8,,,,,0,43,34,,,,26%,0.099,9.4,0.061,0.485,9,2.8,,,,,0,39%,0.107,8.4,0.055,0.386,8,2.6,,,,,69%,0.113,7.1,0.046,0.279,6.8,2.2,,,,,2,0,48%,0.054,5.5,0.033,0.165,5.2,1.8,,,,,108%,0.058,4.5,0.028,0.112,4.3,1.4,,,,,24.7,3.1,0.018,0.054,3,0.9,,,,,0,1,0
3,13,4,14,82XAA04,3,29%,0.061,7.1,0.03,0.273,5.6,3.2,2.9,,,,0,32.7,28.3,28,,,,,6.2,0.027,0.212,4.5,3.2,2.9,,,,0,,,0,NA,NA,,,,,,,32%,0.042,5.6,0.029,0.173,4.2,2.8,2.5,,,,2,0,50%,0.044,4.9,0.026,0.132,3.8,2.2,2.2,,,,141%,0.051,4,0.022,0.087,3.3,1.7,1.5,,,,20.2,2.6,0.012,0.036,2.2,1,0.9,,,,0,1,0
3,14,4,14,82XAA04,2,18%,0.045,7.3,0.032,0.291,7.1,1.7,,,,,0,41.2,,,,,,,6.7,0.031,0.246,6.5,1.7,,,,,0,,,0,NA,NA,,,,,,,47%,0.048,5.2,0.025,0.15,5,1.6,,,,,2,0,61%,0.039,4.3,0.02,0.102,4.1,1.4,,,,,70%,0.026,3.4,0.016,0.064,3.2,1.2,,,,,22.8,2.6,0.013,0.038,2.5,0.8,,,,,0,1,0
3,15,4,14,82XAA04,2,25%,0.042,6.2,0.024,0.213,4.8,4,,,,,0,35.9,35.9,,,,,,5.6,0.021,0.171,4.2,3.7,,,,,0,,,0,NA,NA,,,,,,,29%,0.023,4.3,0.017,0.099,3.3,2.7,,,,,2,0,52%,0.026,3.7,0.015,0.077,2.7,2.6,,,,,135%,0.029,3,0.013,0.05,2.2,2.1,,,,,18.5,2,0.007,0.021,1.5,1.3,,,,,0,1,0
3,16,4,14,82XAA04,1,0%,0,6.2,0.023,0.21,6.2,,,,,,0,39.5,,,,,,,6.2,0.026,0.21,6.2,,,,,,0,,,0,NA,NA,,,,,,,49%,0.039,4.6,0.02,0.118,4.4,1.5,,,,,2,0,36%,0.021,3.8,0.016,0.079,3.5,1.5,,,,,160%,0.036,3.3,0.015,0.058,2.9,1.5,,,,,19.2,2,0.007,0.022,1.9,0.7,,,,,0,1,0
3,17,5,15,83XAA04,2,11%,0.031,7.5,0.034,0.306,6.4,3.9,,,,,0,40.7,35.3,,,,32%,0.066,7.1,0.034,0.275,6,3.8,,,,,0,13%,0.023,6.2,0.03,0.209,5.3,3.2,,,,,38%,0.051,5.8,0.031,0.186,5,3,,,,,2,0,63%,0.052,5,0.027,0.134,4.4,2.3,,,,,117%,0.045,3.9,0.021,0.083,3.5,1.7,,,,,21.8,2.6,0.013,0.038,2.4,1.1,,,,,0,0,0
3,18,5,15,83XAA04,1,3%,0.007,6.5,0.026,0.23,6.5,,,,,,0,41.7,,,,,18%,0.034,6.4,0.028,0.223,6.4,,,,,,0,19%,0.03,5.9,0.027,0.19,5.9,,,,,,51%,0.054,5.4,0.027,0.16,5.4,,,,,,2,0,41%,0.031,4.4,0.021,0.106,4.4,,,,,,63%,0.029,3.7,0.019,0.075,3.7,,,,,,22.6,2.9,0.015,0.046,2.9,,,,,,0,1,0
3,19,5,15,83XAA04,1,9%,0.011,5,0.015,0.136,5,,,,,,0,40,,,,,31%,0.029,4.8,0.016,0.126,4.8,,,,,,0,16%,0.013,4.2,0.014,0.096,4.2,,,,,,40%,0.024,3.9,0.014,0.083,3.9,,,,,,2,0,49%,0.02,3.3,0.012,0.059,3.3,,,,,,152%,0.024,2.7,0.01,0.04,2.7,,,,,,20.1,1.7,0.005,0.016,1.7,,,,,,0,1,0
3,20,5,15,83XAA04,2,26%,0.061,7.4,0.033,0.295,5.9,4.4,,,,,0,47.9,40.4,,,,32%,0.056,6.6,0.029,0.235,5.2,4,,,,,0,11%,0.017,5.7,0.025,0.178,4.6,3.4,,,,,50%,0.054,5.4,0.027,0.161,4.4,3.2,,,,,2,0,45%,0.033,4.4,0.022,0.108,3.6,2.6,,,,,92%,0.036,3.7,0.019,0.074,3.1,2,,,,,21.5,2.7,0.013,0.039,2.2,1.5,,,,,0,1,0
4,1,1,20,85XAA04,0,,,0,NA,NA,,,,,,,0,,,,,,,,0,NA,NA,,,,,,,0,,,0,NA,NA,,,,,,,,,0,NA,NA,,,,,,,,,,,0,NA,NA,,,,,,,,,0,NA,NA,,,,,,,11.6,0,NA,NA,,,,,,,,,
4,2,1,20,85XAA04,1,10%,0.009,4.4,0.012,0.106,4.4,,,,,,0,38.4,,,,,,,4.2,0.012,0.096,4.2,,,,,,0,,,0,NA,NA,,,,,,,49%,0.02,3.3,0.01,0.059,3.3,,,,,,3,0,38%,0.011,2.7,0.008,0.04,2.7,,,,,,107%,0.015,2.3,0.007,0.029,2.3,,,,,,21.5,1.6,0.005,0.014,1.6,,,,,,0,1,0
4,3,1,20,85XAA04,0,,,0,NA,NA,,,,,,,0,,,,,,,,0,NA,NA,,,,,,,0,,,0,NA,NA,,,,,,,0%,0,0.4,0,0.001,0.4,,,,,,,,78%,0,0.4,0,0.001,0.4,,,,,,0%,0,0.3,0,0,0.3,,,,,,8,0.3,0,0,0.3,,,,,,1,1,0
4,4,1,20,85XAA04,0,,,0,NA,NA,,,,,,,0,,,,,,,,0,NA,NA,,,,,,,0,,,0,NA,NA,,,,,,,0%,0,0.2,0,0,0.2,,,,,,,,300%,0,0.2,0,0,0.2,,,,,,0%,0,0.1,0,0,0.1,,,,,,7.3,0.1,0,0,0.1,,,,,,1,1,0
4,5,1,19,18XAG04,2,5%,0.01,6.3,0.024,0.217,4.8,4.1,,,,,0,43.2,42.2,,,,,,6.2,0.026,0.207,4.6,4.1,,,,,0,,,0,NA,NA,,,,,,,46%,0.042,5,0.022,0.134,3.7,3.3,,,,,3,0,46%,0.029,4.1,0.018,0.092,2.9,2.9,,,,,78%,0.028,3.4,0.016,0.063,2.5,2.3,,,,,24.9,2.5,0.012,0.035,1.8,1.8,,,,,1,1,0
4,6,1,19,18XAG04,1,0%,0,5.6,0.019,0.171,5.6,,,,,,0,42,,,,,,,5.6,0.021,0.171,5.6,,,,,,0,,,0,NA,NA,,,,,,,58%,0.031,3.9,0.014,0.083,3.9,,,,,,3,0,82%,0.024,3.1,0.01,0.052,3.1,,,,,,135%,0.017,2.3,0.007,0.029,2.3,,,,,,21.9,1.5,0.004,0.012,1.5,,,,,,1,1,0
4,7,1,19,18XAG04,2,0%,0,3.6,0.008,0.069,2.8,2.2,,,,,0,35.2,30.6,,,,,,3.6,0.009,0.069,2.8,2.2,,,,,0,,,0,NA,NA,,,,,,,23%,0.009,2.9,0.008,0.046,2.2,1.9,,,,,3,0,19%,0.006,2.6,0.008,0.038,2,1.7,,,,,59%,0.012,2.4,0.008,0.032,1.8,1.6,,,,,17,1.9,0.007,0.02,1.4,1.3,,,,,1,1,0
4,8,1,19,18XAG04,2,7%,0.016,6.6,0.026,0.236,6.3,1.9,,,,,0,39.9,27.2,,,,,,6.4,0.028,0.221,6.1,1.8,,,,,0,,,0,NA,NA,,,,,,,53%,0.047,5,0.022,0.134,4.6,1.7,0.7,,,,3,0,36%,0.023,4,0.017,0.087,3.6,1.6,0.7,,,,70%,0.027,3.4,0.016,0.064,3.1,1.3,0.7,,,,19.6,2.6,0.013,0.038,2.4,0.9,0.6,,,,1,1,0
4,9,4,18,85XAA04,1,0%,0,1.8,0.002,0.018,1.8,,,,,,0,21.6,,,,,,,1.8,0.002,0.018,1.8,,,,,,0,,,0,NA,NA,,,,,,,31%,0.003,1.6,0.002,0.014,1.6,,,,,,2,0,16%,0.001,1.4,0.002,0.011,1.4,,,,,,245%,0.007,1.3,0.002,0.009,1.3,,,,,,11.7,0.7,0.001,0.003,0.7,,,,,,0,1,0
4,10,4,18,85XAA04,1,0%,0,2.7,0.004,0.04,2.7,,,,,,0,31.3,,,,,,,2.7,0.005,0.04,2.7,,,,,,0,,,0,NA,NA,,,,,,,68%,0.014,2.5,0.006,0.034,2.4,0.7,,,,,2,0,36%,0.005,1.9,0.004,0.02,1.8,0.7,,,,,243%,0.011,1.7,0.004,0.015,1.5,0.7,,,,,15.5,0.9,0.001,0.004,0.8,0.4,,,,,0,1,0
4,11,4,18,85XAA04,0,,,0,NA,NA,,,,,,,0,,,,,,,,0,NA,NA,,,,,,,0,,,0,NA,NA,,,,,,,125%,0.001,0.6,0,0.002,0.6,,,,,,2,0,0%,0,0.4,0,0.001,0.4,,,,,,78%,0,0.4,0,0.001,0.4,,,,,,8.6,0.3,0,0,0.3,,,,,,0,1,0
4,12,4,18,85XAA04,0,,,0,NA,NA,,,,,,,0,,,,,,,,0,NA,NA,,,,,,,0,,,0,NA,NA,,,,,,,36%,0.001,0.7,0,0.003,0.7,,,,,,2,0,0%,0,0.6,0,0.002,0.6,,,,,,300%,0.001,0.6,0,0.002,0.6,,,,,,9,0.3,0,0,0.3,,,,,,0,1,0
4,13,5,17,84XAA04,2,15%,0.018,5.1,0.016,0.14,4.4,2.5,,,,,0,35.5,28.8,,,,,,4.7,0.015,0.121,4,2.5,,,,,0,,,0,NA,NA,,,,,,,26%,0.014,3.5,0.011,0.068,2.9,2,,,,,2,0,11%,0.005,3.1,0.011,0.054,2.5,1.9,,,,,73%,0.021,3,0.012,0.049,2.3,1.9,,,,,16.5,2.3,0.009,0.028,1.7,1.5,,,,,0,1,0
4,14,5,17,84XAA04,0,,,0,NA,NA,,,,,,,0,,,,,,,,0,NA,NA,,,,,,,0,,,0,NA,NA,,,,,,,,,0,NA,NA,,,,,,,,,,,0,NA,NA,,,,,,,,,0,NA,NA,,,,,,,,0.2,0,0,0.2,,,,,,,,
4,15,5,17,84XAA04,1,9%,0.023,7.1,0.031,0.275,7.1,,,,,,0,43.3,,,,,,,6.8,0.032,0.252,6.8,,,,,,0,,,0,NA,NA,,,,,,,55%,0.05,5.1,0.024,0.142,5.1,,,,,,2,0,64%,0.036,4.1,0.018,0.092,4.1,,,,,,132%,0.032,3.2,0.014,0.056,3.2,,,,,,21.6,2.1,0.008,0.024,2.1,,,,,,0,1,0
4,16,5,17,84XAA04,3,4%,0.012,7.7,0.036,0.324,5.8,4.1,3,,,,0,37.1,36.6,35,,,,,7.6,0.039,0.312,5.8,3.9,2.9,,,,0,,,0,NA,NA,,,,,,,59%,0.067,5.8,0.03,0.181,4.4,3,2.2,,,,2,0,32%,0.028,4.6,0.023,0.114,3.4,2.4,1.9,,,,121%,0.047,4,0.022,0.087,3.1,2,1.5,,,,20,2.7,0.013,0.039,2,1.4,1.1,,,,0,1,0
4,17,5,16,82XAA04,1,0%,0,3.5,0.007,0.067,3.5,,,,,,0,33.1,,,,,,,3.5,0.008,0.067,3.5,,,,,,0,,,0,NA,NA,,,,,,,17%,0.006,2.7,0.007,0.04,2.7,,,,,,2,0,42%,0.01,2.5,0.007,0.034,2.5,,,,,,145%,0.014,2.1,0.006,0.024,2.1,,,,,,15.5,1.3,0.003,0.01,1.2,0.6,,,,,0,1,0
4,18,5,16,82XAA04,3,24%,0.074,8.4,0.043,0.389,5.9,5,3.4,,,,0,43.5,37.5,33.2,,,,,7.6,0.039,0.315,5,4.6,3.4,,,,0,,,0,NA,NA,,,,,,,44%,0.055,5.7,0.03,0.179,3.9,3.3,2.6,,,,2,0,52%,0.043,4.8,0.025,0.124,3.2,2.7,2.3,,,,224%,0.057,3.9,0.02,0.082,2.7,2.2,1.7,,,,21.4,2.2,0.008,0.025,1.6,1.2,0.8,,,,0,1,0
4,19,5,16,82XAA04,2,10%,0.018,6.1,0.023,0.206,4.9,3.7,,,,,0,43.8,42,,,,,,5.9,0.023,0.187,4.7,3.5,,,,,0,,,0,NA,NA,,,,,,,63%,0.041,4.4,0.018,0.108,3.6,2.6,,,,,2,0,35%,0.017,3.5,0.013,0.066,2.7,2.2,,,,,125%,0.027,3,0.012,0.049,2.4,1.8,,,,,19.3,2,0.007,0.022,1.6,1.2,,,,,0,1,0
4,20,5,16,82XAA04,3,0%,0,5.7,0.02,0.177,4,3.1,2.6,,,,0,40.4,35,35,,,,,5.7,0.022,0.177,4,3.1,2.6,,,,0,,,0,NA,NA,,,,,,,17%,0.023,5.3,0.025,0.153,3.8,2.7,2.5,,,,2,0,28%,0.028,4.9,0.026,0.13,3.5,2.6,2.2,,,,29%,0.023,4.3,0.025,0.102,3.2,2.2,1.9,,,,18.7,3.8,0.026,0.079,3,1.8,1.5,,,,0,1,0
5,1,1,21,81XAA04,2,0%,0,2.7,0.004,0.04,2.5,1,,,,,0,26.8,15.6,,,,,,2.7,0.005,0.04,2.5,1,,,,,0,,,0,NA,NA,,,,,,,24%,0.005,2.2,0.004,0.025,2,0.8,,,,,2,0,28%,0.004,1.9,0.004,0.02,1.8,0.7,,,,,26%,0.003,1.7,0.004,0.016,1.6,0.6,,,,,16,1.5,0.004,0.013,1.4,0.6,,,,,0,1,0
5,2,1,21,81XAA04,1,6%,0.015,6.9,0.029,0.26,6.9,,,,,,0,39.5,,,,,,,6.7,0.031,0.245,6.7,,,,,,0,,,0,NA,NA,,,,,,,68%,0.051,4.8,0.021,0.126,4.8,,,,,,2,0,26%,0.015,3.7,0.015,0.075,3.7,,,,,,39%,0.017,3.3,0.015,0.059,3.3,,,,,,21.6,2.8,0.014,0.043,2.8,,,,,,0,1,0
5,3,1,21,81XAA04,1,4%,0.005,4.8,0.014,0.126,4.8,,,,,,0,39.8,,,,,,,4.7,0.015,0.12,4.7,,,,,,0,,,0,NA,NA,,,,,,,52%,0.026,3.7,0.012,0.075,3.7,,,,,,2,0,44%,0.015,3,0.01,0.049,3,,,,,,144%,0.02,2.5,0.009,0.034,2.5,,,,,,21.5,1.6,0.005,0.014,1.6,,,,,,0,1,0
5,4,1,21,81XAA04,2,7%,0.038,10.2,0.063,0.566,7.4,7,,,,,0,37.6,35.8,,,,,,9.8,0.066,0.528,7.3,6.6,,,,,0,,,0,NA,NA,,,,,,,53%,0.124,8.1,0.06,0.361,5.9,5.6,,,,,2,0,46%,0.074,6.6,0.047,0.237,4.9,4.4,,,,,70%,0.067,5.5,0.041,0.162,4.1,3.6,,,,,26,4.2,0.032,0.096,3.2,2.7,,,,,0,1,0
5,5,1,22,2XT4E04,0,,,0,NA,NA,,,,,,,0,,,,,,,,0,NA,NA,,,,,,,0,,,0,NA,NA,,,,,,,,,0,NA,NA,,,,,,,,,49%,0.002,1.1,0.001,0.007,1.1,,,,,,224%,0.003,0.9,0.001,0.004,0.9,,,,,,12.7,0.5,0,0.001,0.5,,,,,,0,1,0
5,6,1,22,2XT4E04,0,,,0,NA,NA,,,,,,,0,,,,,,,,0,NA,NA,,,,,,,0,,,0,NA,NA,,,,,,,,,0,NA,NA,,,,,,,,,,,0,NA,NA,,,,,,,,,0,NA,NA,,,,,,,,0,NA,NA,,,,,,,1,1,0
5,7,1,22,2XT4E04,0,,,0,NA,NA,,,,,,,0,,,,,,,,0,NA,NA,,,,,,,0,,,0,NA,NA,,,,,,,,,0,NA,NA,,,,,,,,,,,0,NA,NA,,,,,,,,,0,NA,NA,,,,,,,,0,NA,NA,,,,,,,0,0,0
5,8,1,22,2XT4E04,0,,,0,NA,NA,,,,,,,0,,,,,,,,0,NA,NA,,,,,,,0,,,0,NA,NA,,,,,,,,,0,NA,NA,,,,,,,,,53%,0.002,1.1,0.001,0.007,0.9,0.7,,,,,554%,0.004,0.9,0.001,0.005,0.7,0.6,,,,,11.1,0.4,0,0.001,0.3,0.2,,,,,0,0,0
5,9,4,23,84XAA04,1,9%,0.01,4.8,0.014,0.126,4.8,,,,,,0,37.8,,,,,,,4.6,0.014,0.115,4.6,,,,,,0,,,0,NA,NA,,,,,,,40%,0.016,3.2,0.009,0.056,3.2,,,,,,2,0,51%,0.013,2.7,0.008,0.04,2.7,,,,,,186%,0.017,2.2,0.007,0.026,2.2,,,,,,17.9,1.3,0.003,0.009,1.3,,,,,,0,1,0
5,10,4,23,84XAA04,2,15%,0.013,4.3,0.011,0.099,3.2,2.8,,,,,0,37.4,33.8,,,,,,4,0.011,0.086,3,2.6,,,,,0,,,0,NA,NA,,,,,,,20%,0.009,3,0.008,0.051,2.3,2,,,,,2,0,18%,0.006,2.8,0.008,0.042,2.2,1.7,,,,,102%,0.018,2.6,0.009,0.036,2,1.6,,,,,17.5,1.8,0.006,0.018,1.5,1,,,,,0,1,0
5,11,4,23,84XAA04,2,28%,0.113,9.7,0.057,0.514,7.3,6.4,,,,,0,42.1,42.1,,,,,,8.6,0.05,0.401,6.4,5.7,,,,,0,,,0,NA,NA,,,,,,,77%,0.112,6.9,0.043,0.258,5.2,4.5,,,,,2,0,48%,0.047,5.2,0.029,0.146,3.8,3.5,,,,,179%,0.063,4.3,0.025,0.099,3.2,2.8,,,,,22.9,2.5,0.012,0.035,1.8,1.8,,,,,0,1,0
5,12,4,23,84XAA04,1,37%,0.101,8.3,0.042,0.376,8.3,,,,,,0,43.2,,,,,,,7.1,0.034,0.275,7.1,,,,,,0,,,0,NA,NA,,,,,,,56%,0.071,6,0.033,0.196,6,,,,,,2,0,78%,0.055,4.8,0.025,0.126,4.8,,,,,,54%,0.025,3.6,0.018,0.071,3.6,,,,,,23.2,2.9,0.015,0.046,2.9,,,,,,0,1,0
5,13,5,24,17XGA04,1,7%,0.003,2.9,0.005,0.046,2.9,,,,,,0,32.9,,,,,,,2.8,0.005,0.043,2.8,,,,,,0,,,0,NA,NA,,,,,,,38%,0.006,2,0.004,0.022,2,,,,,,3,0,47%,0.005,1.7,0.003,0.016,1.7,,,,,,142%,0.006,1.4,0.003,0.011,1.4,,,,,,13.6,0.9,0.001,0.004,0.9,,,,,,0,1,0
5,14,5,24,17XGA04,2,6%,0.008,5.1,0.016,0.142,3.9,3.3,,,,,0,35.5,27.2,,,,,,5,0.017,0.134,3.7,3.3,,,,,0,,,0,NA,NA,,,,,,,60%,0.028,3.7,0.012,0.074,2.6,2.6,,,,,3,0,63%,0.018,2.9,0.009,0.046,2.2,1.9,,,,,135%,0.016,2.3,0.007,0.028,1.8,1.4,,,,,15.4,1.5,0.004,0.012,1.1,0.8,0.6,,,,0,1,0
5,15,5,24,17XGA04,1,0%,0,6.7,0.027,0.245,6.7,,,,,,0,39.3,,,,,,,6.7,0.031,0.245,6.7,,,,,,0,,,0,NA,NA,,,,,,,43%,0.037,4.7,0.02,0.122,4.6,1.1,,,,,3,0,37%,0.023,4,0.017,0.085,3.8,1.1,,,,,148%,0.037,3.4,0.016,0.062,3.2,1.1,,,,,22,2.1,0.008,0.025,1.9,1,,,,,0,1,0
5,16,5,24,17XGA04,2,2%,0.003,5,0.015,0.136,4,3,,,,,0,36.6,35,,,,,,4.9,0.017,0.133,4,2.9,,,,,0,,,0,NA,NA,,,,,,,20%,0.016,4.2,0.016,0.094,3.4,2.4,,,,,2,0,37%,0.021,3.8,0.016,0.079,3.1,2.2,,,,,80%,0.026,3.2,0.014,0.057,2.7,1.8,,,,,16.7,2.4,0.011,0.032,2.1,1.2,,,,,0,1,0
5,17,5,25,85XAA04,0,,,0,NA,NA,,,,,,,0,,,,,,,,0,NA,NA,,,,,,,0,,,0,NA,NA,,,,,,,0%,0,0.5,0,0.001,0.5,,,,,,,,0%,0,0.5,0,0.001,0.5,,,,,,0%,0,0.5,0,0.001,0.5,,,,,,5.6,0.5,0,0.001,0.5,,,,,,0,1,0
5,18,5,25,85XAA04,1,0%,0,3.7,0.008,0.075,3.7,,,,,,0,38.3,,,,,,,3.7,0.009,0.075,3.7,,,,,,0,,,0,NA,NA,,,,,,,46%,0.014,2.9,0.008,0.046,2.9,,,,,,,,60%,0.012,2.4,0.006,0.031,2.4,,,,,,84%,0.009,1.9,0.005,0.02,1.9,,,,,,21.5,1.4,0.004,0.011,1.4,,,,,,0,1,0
5,19,5,25,85XAA04,1,0%,0,1.9,0.002,0.02,1.9,,,,,,0,21.8,,,,,,,1.9,0.002,0.02,1.9,,,,,,0,,,0,NA,NA,,,,,,,47%,0.005,1.7,0.003,0.016,1.7,,,,,,,,62%,0.004,1.4,0.002,0.011,1.4,,,,,,147%,0.004,1.1,0.002,0.007,1.1,,,,,,11.5,0.7,0.001,0.003,0.7,,,,,,0,1,0
5,20,5,25,85XAA04,0,,,0,NA,NA,,,,,,,0,,,,,,,,0,NA,NA,,,,,,,0,,,0,NA,NA,,,,,,,,,0,NA,NA,,,,,,,,,0%,0,0.4,0,0.001,0.4,,,,,,78%,0,0.4,0,0.001,0.4,,,,,,7.4,0.3,0,0,0.3,,,,,,0,1,0
6,1,2,30,81XAA04,2,5%,0.022,9.2,0.051,0.459,8.3,3.9,,,,,0,42.6,33.3,,,,,,8.9,0.055,0.437,8.1,3.8,,,,,0,,,0,NA,NA,,,,,,,60%,0.095,6.8,0.042,0.252,6.2,2.8,,,,,2,0,28%,0.034,5.4,0.031,0.157,4.9,2.2,,,,,130%,0.07,4.8,0.031,0.123,4.4,1.8,,,,,25.5,3.1,0.018,0.054,3,0.9,,,,,0,1,0
6,2,2,30,81XAA04,1,0%,0,6.7,0.027,0.245,6.7,,,,,,0,43,,,,,,,6.7,0.031,0.245,6.7,,,,,,0,,,0,NA,NA,,,,,,,58%,0.058,5.4,0.027,0.159,5.4,,,,,,2,0,43%,0.03,4.3,0.02,0.101,4.3,,,,,,107%,0.037,3.6,0.018,0.071,3.6,,,,,,24.2,2.5,0.011,0.034,2.5,,,,,,0,1,0
6,3,2,30,81XAA04,1,56%,0.11,7.5,0.034,0.307,7.5,,,,,,0,41.4,,,,,,,6,0.025,0.196,6,,,,,,0,,,0,NA,NA,,,,,,,46%,0.047,5.2,0.025,0.147,5.2,,,,,,2,0,28%,0.022,4.3,0.02,0.101,4.3,,,,,,50%,0.026,3.8,0.02,0.079,3.8,,,,,,23.7,3.1,0.017,0.052,3.1,,,,,,0,1,0
6,4,2,30,81XAA04,0,,,0,NA,NA,,,,,,,0,,,,,,,,0,NA,NA,,,,,,,0,,,0,NA,NA,,,,,,,,,0,NA,NA,,,,,,,,,0%,0,1,0.001,0.005,1,,,,,,56%,0.002,1,0.001,0.005,1,,,,,,12.8,0.8,0.001,0.003,0.8,,,,,,0,1,0
6,5,2,29,82XAA04,1,4%,0.006,5.7,0.02,0.177,5.7,,,,,,0,33.1,,,,,,,5.6,0.021,0.171,5.6,,,,,,0,,,0,NA,NA,,,,,,,38%,0.029,4.4,0.018,0.106,4,1.5,1.1,,,,1,0,57%,0.028,3.7,0.015,0.077,3.3,1.4,1.1,,,,89%,0.023,3,0.012,0.049,2.8,0.8,0.7,,,,18.5,2.2,0.009,0.026,1.9,0.8,0.7,,,,0,1,0
6,6,2,29,82XAA04,2,3%,0.011,7.9,0.038,0.339,7.2,3.2,,,,,0,37.5,32.3,,,,,,7.7,0.041,0.327,7.1,3.1,,,,,0,,,0,NA,NA,,,,,,,82%,0.09,6,0.033,0.199,5.5,2.5,,,,,1,0,53%,0.038,4.5,0.022,0.109,4.1,1.8,,,,,109%,0.037,3.6,0.018,0.072,3.3,1.5,,,,,20.2,2.5,0.011,0.034,2.3,1,,,,,0,1,0
6,7,2,29,82XAA04,3,8%,0.02,6.9,0.029,0.26,6.3,2.4,1.5,,,,0,36.4,28,,,,,,6.6,0.03,0.24,6,2.4,1.5,,,,0,,,0,NA,NA,,,,,,,85%,0.061,4.9,0.022,0.132,4.3,2,1.3,,,,1,0,46%,0.023,3.6,0.014,0.071,3.1,1.5,1.1,,,,151%,0.029,3,0.012,0.049,2.5,1.3,1,,,,17.5,1.9,0.006,0.019,1.6,0.8,0.6,,,,0,1,0
6,8,2,29,82XAA04,2,34%,0.051,6.1,0.023,0.203,5.8,1.9,,,,,0,43.1,,,,,,,5.3,0.019,0.152,5,1.7,,,,,0,,,0,NA,NA,,,,,,,108%,0.041,3.8,0.013,0.079,3.5,1.5,,,,,1,0,102%,0.019,2.6,0.008,0.038,2.3,1.3,,,,,114%,0.01,1.9,0.005,0.019,1.5,1.1,,,,,16.3,1.3,0.003,0.009,0.8,0.8,0.4,0.3,0.3,,0,1,0
6,9,3,28,18XAG04,1,0%,0,2.5,0.004,0.034,2.5,,,,,,0,25.4,,,,,,,2.5,0.004,0.034,2.5,,,,,,0,,,0,NA,NA,,,,,,,60%,0.007,1.9,0.003,0.02,1.9,,,,,,3,0,125%,0.007,1.5,0.002,0.012,1.5,,,,,,300%,0.004,1,0.001,0.005,1,,,,,,11.3,0.5,0,0.001,0.4,0.3,,,,,1,1,0
6,10,3,28,18XAG04,2,15%,0.037,7.2,0.031,0.282,5.9,4.1,,,,,0,47.6,35.7,,,,,,6.7,0.031,0.245,5.3,4.1,,,,,0,,,0,NA,NA,,,,,,,65%,0.057,5.2,0.024,0.146,3.9,3.4,,,,,2,0,84%,0.041,4,0.018,0.089,2.9,2.8,,,,,110%,0.025,3,0.012,0.048,2.1,2.1,,,,,20.9,2.1,0.008,0.023,1.5,1.4,,,,,1,1,0
6,11,3,28,18XAG04,2,40%,0.003,1.3,0.001,0.009,1.1,0.7,,,,,0,9.8,,,,,,,1.1,0.001,0.007,1.1,,,,,,0,,,0,NA,NA,,,,,,,57%,0.003,1.2,0.001,0.008,1,0.5,0.4,,,,3,0,84%,0.002,0.9,0.001,0.005,0.7,0.5,0.4,,,,-44%,-0.002,0.7,0.001,0.003,0.7,,,,,,9.2,0.9,0.002,0.005,0.6,0.5,0.3,0.3,0.3,,1,1,0
6,12,3,28,18XAG04,1,25%,0.035,5.7,0.02,0.177,5.7,,,,,,0,44.4,,,,,,,5.1,0.018,0.142,5.1,,,,,,0,,,0,NA,NA,,,,,,,104%,0.045,4,0.015,0.087,4,,,,,,2,0,78%,0.019,2.8,0.009,0.043,2.8,,,,,,206%,0.016,2.1,0.006,0.024,2.1,,,,,,20.2,1.2,0.003,0.008,1.2,,,,,,1,1,0
6,13,3,27,1XTE04,0,,,0,NA,NA,,,,,,,0,,,,,,,,0,NA,NA,,,,,,,0,,,0,NA,NA,,,,,,,,,0,NA,NA,,,,,,,,,,,0,NA,NA,,,,,,,0%,0,0.2,0,0,0.2,,,,,,5.7,0.2,0,0,0.2,,,,,,1,0,0
6,14,3,27,1XTE04,0,,,0,NA,NA,,,,,,,0,,,,,,,,0,NA,NA,,,,,,,0,,,0,NA,NA,,,,,,,,,0,NA,NA,,,,,,,,,,,0,NA,NA,,,,,,,56%,0,0.5,0,0.001,0.5,,,,,,8.2,0.4,0,0.001,0.4,,,,,,,,
6,15,3,27,1XTE04,0,,,0,NA,NA,,,,,,,0,,,,,,,,0,NA,NA,,,,,,,0,,,0,NA,NA,,,,,,,,,0,NA,NA,,,,,,,,,,,0,NA,NA,,,,,,,,,0,NA,NA,,,,,,,,0,NA,NA,,,,,,,,,
6,16,3,27,1XTE04,1,0%,0,2.9,0.005,0.046,2.9,,,,,,0,34.7,,,,,,,2.9,0.006,0.046,2.9,,,,,,0,,,0,NA,NA,,,,,,,38%,0.006,2,0.004,0.022,2,,,,,,1,0,71%,0.007,1.7,0.003,0.016,1.7,,,,,,40%,0.003,1.3,0.002,0.009,1.3,,,,,,14.3,1.1,0.002,0.007,1.1,,,,,,0,0,0
6,17,6,26,82XAA04,2,0%,0,4.3,0.011,0.101,4,1.6,,,,,0,34.7,,,,,,,4.3,0.013,0.101,4,1.6,,,,,0,,,0,NA,NA,,,,,,,55%,0.033,4.1,0.015,0.093,3.8,1.6,,,,,2,0,43%,0.018,3.3,0.012,0.06,3,1.4,,,,,108%,0.022,2.8,0.01,0.042,2.5,1.2,,,,,20.7,1.9,0.007,0.02,1.7,0.9,,,,,0,1,0
6,18,6,26,82XAA04,2,25%,0.051,6.8,0.028,0.253,5.2,4.4,,,,,0,37.4,37.2,,,,,,6.1,0.025,0.202,4.4,4.2,,,,,0,,,0,NA,NA,,,,,,,42%,0.038,4.8,0.021,0.127,3.6,3.2,,,,,2,0,53%,0.031,4,0.018,0.089,3,2.7,,,,,136%,0.033,3.3,0.015,0.058,2.5,2.1,,,,,20.6,2.1,0.008,0.025,1.6,1.4,,,,,0,1,0
6,19,6,26,82XAA04,1,19%,0.032,6.1,0.023,0.203,6.1,,,,,,0,35.5,,,,,,,5.6,0.021,0.171,5.6,,,,,,0,,,0,NA,NA,,,,,,,44%,0.029,4.2,0.016,0.096,4.2,,,,,,2,0,56%,0.024,3.5,0.013,0.067,3.5,,,,,,142%,0.025,2.8,0.011,0.043,2.8,,,,,,18.4,1.8,0.006,0.018,1.8,,,,,,0,1,0
6,20,6,26,82XAA04,2,11%,0.027,7,0.03,0.269,5.3,4.6,,,,,0,34.6,34.6,,,,,,6.7,0.03,0.242,5,4.4,,,,,0,,,0,NA,NA,,,,,,,45%,0.052,5.5,0.028,0.168,4.3,3.5,,,,,2,0,37%,0.031,4.6,0.023,0.116,3.5,3,,,,,119%,0.046,3.9,0.021,0.085,3.2,2.3,,,,,21.3,2.7,0.013,0.039,2.2,1.5,,,,,0,1,0
7,1,2,31,83XAA04,2,34%,0.101,8.5,0.044,0.395,7.8,3.4,,,,,0,39.6,23.6,,,,35%,0.076,7.3,0.037,0.294,6.7,3,,,,,0,36%,0.057,6.3,0.031,0.218,5.8,2.5,,,,,65%,0.063,5.4,0.027,0.16,5,2.2,,,,,2,0,37%,0.026,4.2,0.019,0.097,3.9,1.6,,,,,79%,0.031,3.6,0.018,0.071,3.4,1.2,,,,,21.3,2.7,0.013,0.04,2.6,0.7,,,,,0,1,0
7,2,2,31,83XAA04,2,11%,0.035,8.1,0.039,0.355,7.6,2.7,,,,,0,41.3,22.4,,,,39%,0.09,7.7,0.04,0.32,7.2,2.6,,,,,0,12%,0.025,6.5,0.033,0.229,6.1,2.2,,,,,52%,0.07,6.1,0.034,0.204,5.7,2.2,,,,,2,0,71%,0.056,5,0.027,0.135,4.8,1.3,,,,,53%,0.027,3.8,0.02,0.079,3.7,0.9,,,,,24.3,3.1,0.017,0.052,3,0.7,,,,,0,1,0
7,3,2,31,83XAA04,1,30%,0.068,7.4,0.033,0.299,7.4,,,,,,0,40.5,,,,,10%,0.021,6.5,0.029,0.23,6.5,,,,,,0,51%,0.071,6.2,0.03,0.21,6.2,,,,,,52%,0.047,5.1,0.023,0.139,5.1,,,,,,2,0,87%,0.043,4.1,0.018,0.092,4.1,,,,,,125%,0.027,3,0.012,0.049,3,,,,,,22.3,2,0.007,0.022,2,,,,,,0,1,0
7,4,2,31,83XAA04,1,11%,0.035,8.2,0.041,0.367,8.2,,,,,,0,41.2,,,,,24%,0.065,7.8,0.041,0.332,7.8,,,,,,0,25%,0.054,7,0.038,0.267,7,,,,,,56%,0.077,6.3,0.036,0.213,6.3,,,,,,2,0,64%,0.053,5,0.027,0.136,5,,,,,,109%,0.043,3.9,0.021,0.083,3.9,,,,,,24.5,2.7,0.013,0.04,2.7,,,,,,0,1,0
7,5,2,32,2XT4E04,0,,,0,NA,NA,,,,,,,0,,,,,,,,0.8,0,0.003,0.8,,,,,,0,,,0,NA,NA,,,,,,,80%,0.001,0.7,0,0.002,0.6,0.3,,,,,2,0,0%,0,0.5,0,0.001,0.4,0.3,,,,,1150%,0.001,0.5,0,0.001,0.4,0.3,,,,,7.7,0.1,0,0,0.1,0.1,,,,,1,0,0
7,6,2,32,2XT4E04,0,,,0,NA,NA,,,,,,,0,,,,,,,,0,NA,NA,,,,,,,0,,,0,NA,NA,,,,,,,,,0,NA,NA,,,,,,,,,,,0,NA,NA,,,,,,,,,0,NA,NA,,,,,,,,0,NA,NA,,,,,,,,,
7,7,2,32,2XT4E04,1,17%,0.012,3.9,0.009,0.083,3.9,,,,,,0,34.7,,,,,,,3.6,0.009,0.071,3.6,,,,,,0,,,0,NA,NA,,,,,,,56%,0.012,2.5,0.006,0.034,2.5,,,,,,2,0,78%,0.01,2,0.004,0.022,2,,,,,,125%,0.007,1.5,0.003,0.012,1.5,,,,,,16.9,1,0.002,0.005,1,,,,,,0,0,0
7,8,2,32,2XT4E04,3,0%,0,3,0.006,0.051,2.6,1.3,0.9,,,,0,33.8,19.2,,,,,,3,0.006,0.051,2.6,1.3,0.9,,,,0,,,0,NA,NA,,,,,,,23%,0.005,2.2,0.004,0.027,1.8,1.1,0.7,,,,2,0,4%,0.001,2,0.004,0.022,1.7,0.8,0.7,,,,534%,0.018,2,0.005,0.021,1.7,0.7,0.7,,,,14.6,0.8,0.001,0.003,0.6,0.4,0.3,,,,0,0,0
7,9,3,33,17XGA04,2,0%,0,4.7,0.013,0.119,3.5,3.1,,,,,0,35,35,,,,,,4.7,0.015,0.119,3.5,3.1,,,,,0,,,0,NA,NA,,,,,,,85%,0.03,3.5,0.011,0.066,2.5,2.4,,,,,3,0,64%,0.014,2.5,0.007,0.035,1.8,1.8,,,,,118%,0.012,2,0.005,0.021,1.5,1.3,,,,,16.6,1.3,0.003,0.01,1,0.9,,,,,0,1,0
7,10,3,33,17XGA04,1,0%,0,3.9,0.009,0.083,3.9,,,,,,0,39,,,,,,,3.9,0.01,0.083,3.9,,,,,,0,,,0,NA,NA,,,,,,,125%,0.027,3,0.008,0.049,3,,,,,,3,0,78%,0.01,2,0.004,0.022,2,,,,,,359%,0.01,1.5,0.003,0.012,1.5,,,,,,15.3,0.7,0.001,0.003,0.7,,,,,,0,1,0
7,11,3,33,17XGA04,2,10%,0.018,5.9,0.021,0.193,4.4,4,,,,,0,38.1,36.9,,,,,,5.7,0.022,0.175,4.2,3.8,,,,,0,,,0,NA,NA,,,,,,,250%,0.059,3.9,0.014,0.083,2.9,2.6,,,,,3,0,0%,0,2.1,0.005,0.024,1.7,1.2,,,,,283%,0.017,2.1,0.006,0.024,1.7,1.2,,,,,16.9,1.1,0.002,0.006,0.8,0.7,,,,,0,1,0
7,12,3,33,17XGA04,0,,,0,NA,NA,,,,,,,0,,,,,,,,0,NA,NA,,,,,,,0,,,0,NA,NA,,,,,,,,,0,NA,NA,,,,,,,3,0,0%,0,0.3,0,0,0.3,,,,,,125%,0,0.3,0,0,0.3,,,,,,6.7,0.2,0,0,0.2,,,,,,0,0,0
7,13,3,34,83XAA04,2,12%,0.047,8.9,0.048,0.43,7.2,5.2,,,,,0,46.8,40,,,,20%,0.064,8.4,0.048,0.383,6.8,4.9,,,,,0,23%,0.059,7.7,0.046,0.32,6.4,4.2,,,,,68%,0.106,6.9,0.043,0.261,5.7,3.9,,,,,2,0,63%,0.06,5.3,0.031,0.155,4.4,3,,,,,82%,0.043,4.2,0.024,0.095,3.6,2.1,,,,,25.3,3.1,0.017,0.052,2.8,1.3,,,,,0,1,0
7,14,3,34,83XAA04,2,9%,0.025,7.5,0.034,0.305,6.5,3.7,,,,,0,41.7,32.7,,,,14%,0.034,7.2,0.035,0.28,6.2,3.6,,,,,0,28%,0.054,6.7,0.035,0.247,5.8,3.4,,,,,43%,0.058,5.9,0.032,0.193,5.1,3.1,,,,,2,0,60%,0.05,5,0.027,0.135,4.3,2.5,,,,,130%,0.048,3.9,0.021,0.084,3.5,1.8,,,,,23.1,2.6,0.012,0.037,2.3,1.2,,,,,0,1,0
7,15,3,34,83XAA04,2,20%,0.06,8.2,0.04,0.364,7.9,2.1,,,,,0,44.5,,,,,5%,0.015,7.5,0.038,0.305,7.2,2,,,,,0,27%,0.062,7.3,0.041,0.289,7,2,,,,,53%,0.079,6.5,0.038,0.227,6.2,1.8,,,,,2,0,50%,0.05,5.2,0.03,0.149,4.9,1.5,1,,,,87%,0.046,4.3,0.025,0.099,4,1.3,0.7,,,,25.2,3.1,0.018,0.053,2.9,0.9,0.7,,,,0,1,0
7,16,3,34,83XAA04,2,25%,0.108,9.9,0.059,0.534,7,7,,,,,0,42.7,39.5,,,,29%,0.096,8.8,0.053,0.426,6.4,6.1,,,,,0,20%,0.055,7.8,0.047,0.33,5.6,5.4,,,,,75%,0.118,7.1,0.046,0.276,5.1,5,,,,,2,0,78%,0.069,5.4,0.032,0.158,3.8,3.8,,,,,75%,0.038,4,0.022,0.089,2.8,2.9,,,,,22.1,3.1,0.017,0.051,2.1,2.1,0.7,,,,0,1,0
7,17,6,35,81XAA04,0,,,0,NA,NA,,,,,,,0,,,,,,,,0,NA,NA,,,,,,,0,,,0,NA,NA,,,,,,,0%,0,0.7,0,0.003,0.7,,,,,,2,0,0%,0,0.7,0.001,0.003,0.7,,,,,,206%,0.002,0.7,0.001,0.003,0.7,,,,,,12.5,0.4,0,0.001,0.4,,,,,,0,1,0
7,18,6,35,81XAA04,1,9%,0.011,5,0.015,0.136,5,,,,,,0,36.5,,,,,,,4.8,0.016,0.126,4.8,,,,,,0,,,0,NA,NA,,,,,,,52%,0.026,3.7,0.012,0.075,3.7,,,,,,2,0,56%,0.018,3,0.01,0.049,3,,,,,,89%,0.015,2.4,0.008,0.031,2.4,,,,,,19.4,1.7,0.006,0.017,1.6,0.7,,,,,0,1,0
7,19,6,35,81XAA04,2,0%,0,4.5,0.012,0.109,3.4,2.9,,,,,0,36.1,28.2,,,,,,4.5,0.014,0.109,3.4,2.9,,,,,0,,,0,NA,NA,,,,,,,34%,0.018,3.6,0.012,0.072,2.9,2.2,,,,,2,0,65%,0.021,3.1,0.011,0.054,2.5,1.9,,,,,115%,0.017,2.4,0.008,0.033,2,1.4,,,,,17.9,1.7,0.005,0.015,1.4,0.9,,,,,0,1,0
7,20,6,35,81XAA04,2,16%,0.048,8,0.039,0.352,7.7,2.3,,,,,0,48.7,38.1,,,,,,7.5,0.038,0.304,7.1,2.3,,,,,0,,,0,NA,NA,,,,,,,77%,0.082,5.9,0.031,0.189,5.6,1.8,,,,,2,0,32%,0.026,4.4,0.021,0.107,4.2,1.4,,,,,101%,0.041,3.9,0.02,0.081,3.7,1.1,,,,,23.5,2.7,0.013,0.04,2.6,0.8,,,,,0,1,0
8,1,2,40,1XTE04,1,0%,0,2.4,0.003,0.031,2.4,,,,,,2,26.4,,,,,,,2.4,0.004,0.031,2.4,,,,,,2,,,0,NA,NA,,,,,,,92%,0.008,1.8,0.003,0.018,1.8,,,,,,1,0,69%,0.004,1.3,0.002,0.009,1.3,,,,,,300%,0.004,1,0.001,0.005,1,,,,,,12.9,0.5,0,0.001,0.5,,,,,,1,0,0
8,2,2,40,1XTE04,0,,,0,NA,NA,,,,,,,0,,,,,,,,0,NA,NA,,,,,,,0,,,0,NA,NA,,,,,,,,,0,NA,NA,,,,,,,,,,,0,NA,NA,,,,,,,,,0,NA,NA,,,,,,,5.8,0,NA,NA,,,,,,,1,0,0
8,3,2,40,1XTE04,1,0%,0,1.5,0.001,0.012,1.5,,,,,,0,18.2,,,,,,,1.5,0.002,0.012,1.5,,,,,,0,,,0,NA,NA,,,,,,,65%,0.002,0.9,0.001,0.004,0.9,,,,,,1,0,36%,0.001,0.7,0.001,0.003,0.7,,,,,,300%,0.001,0.6,0,0.002,0.6,,,,,,10.1,0.3,0,0,0.3,,,,,,1,0,0
8,4,2,40,1XTE04,1,0%,0,2.4,0.003,0.031,2.4,,,,,,0,26.3,,,,,,,2.4,0.004,0.031,2.4,,,,,,0,,,0,NA,NA,,,,,,,47%,0.005,1.7,0.003,0.016,1.7,,,,,,1,0,96%,0.005,1.4,0.002,0.011,1.4,,,,,,56%,0.002,1,0.001,0.005,1,,,,,,14.6,0.8,0.001,0.003,0.8,,,,,,1,0,0
8,5,2,39,18XAG04,1,11%,0.019,6,0.022,0.196,6,,,,,,0,40.4,,,,,,,5.7,0.022,0.177,5.7,,,,,,0,,,0,NA,NA,,,,,,,78%,0.038,4,0.015,0.087,4,,,,,,4,0,70%,0.02,3,0.01,0.049,3,,,,,,107%,0.015,2.3,0.007,0.029,2.3,,,,,,20.8,1.6,0.005,0.014,1.6,,,,,,1,1,0
8,6,2,39,18XAG04,1,0%,0,2.6,0.004,0.037,2.6,,,,,,0,25.4,,,,,,,2.6,0.005,0.037,2.6,,,,,,0,,,0,NA,NA,,,,,,,25%,0.004,1.9,0.003,0.02,1.9,,,,,,2,0,101%,0.008,1.7,0.003,0.016,1.7,,,,,,125%,0.004,1.2,0.002,0.008,1.2,,,,,,11.5,0.8,0.001,0.003,0.8,,,,,,1,1,0
8,7,2,39,18XAG04,1,0%,0,2.2,0.003,0.026,2.2,,,,,,0,20.5,,,,,,,2.2,0.003,0.026,2.2,,,,,,0,,,0,NA,NA,,,,,,,9%,0.002,1.9,0.003,0.02,1.8,0.7,,,,,2,0,49%,0.006,1.8,0.004,0.019,1.6,0.7,0.6,,,,120%,0.007,1.5,0.003,0.012,1.2,0.7,0.6,,,,14.1,1,0.002,0.006,0.8,0.6,0.2,,,,1,1,0
8,8,2,39,18XAG04,3,0%,0,5.3,0.017,0.154,4.3,2.8,1.4,,,,0,42.2,,,,,,,5.3,0.019,0.154,4.3,2.8,1.4,,,,0,,,0,NA,NA,,,,,,,45%,0.026,3.9,0.014,0.085,3,2.2,1.3,,,,2,0,42%,0.017,3.3,0.012,0.059,2.3,2,1.2,,,,86%,0.019,2.8,0.01,0.041,1.8,1.7,1.2,,,,22.2,2,0.007,0.022,1.7,0.9,0.6,,,,1,1,0
8,9,3,38,82XAA04,3,20%,0.048,7.3,0.033,0.294,6.3,2.9,2.4,,,,0,41.3,31.5,21.5,,,,,6.7,0.031,0.246,5.6,2.9,2.3,,,,0,,,0,NA,NA,,,,,,,49%,0.058,5.7,0.029,0.176,4.6,2.5,2.2,,,,2,0,25%,0.023,4.7,0.024,0.118,3.8,1.9,1.9,,,,198%,0.063,4.2,0.024,0.095,3.3,1.8,1.8,,,,18.6,2.4,0.011,0.032,1.9,1.1,1,,,,0,1,0
8,10,3,38,82XAA04,1,4%,0.006,5.7,0.02,0.177,5.7,,,,,,0,37.3,,,,,,,5.6,0.021,0.171,5.6,,,,,,0,,,0,NA,NA,,,,,,,56%,0.041,4.6,0.019,0.115,4.3,1.6,,,,,2,0,26%,0.015,3.7,0.015,0.074,3.4,1.4,,,,,89%,0.027,3.3,0.015,0.058,3,1.3,,,,,20.8,2.4,0.01,0.031,2.2,0.9,,,,,0,1,0
8,11,3,38,82XAA04,2,6%,0.016,7.1,0.03,0.273,5.1,4.9,,,,,0,39.4,37.8,,,,,,6.9,0.032,0.257,5,4.7,,,,,0,,,0,NA,NA,,,,,,,31%,0.032,5,0.023,0.138,3.7,3.4,,,,,2,0,42%,0.031,4.4,0.021,0.105,3.3,2.9,,,,,134%,0.043,3.7,0.019,0.074,2.8,2.4,,,,,19.6,2.4,0.011,0.032,1.8,1.6,,,,,0,1,0
8,12,3,38,82XAA04,1,11%,0.019,5.9,0.021,0.19,5.9,,,,,,0,39.5,,,,,,,5.6,0.021,0.171,5.6,,,,,,0,,,0,NA,NA,,,,,,,56%,0.04,4.5,0.018,0.11,4.5,,,,,,2,0,65%,0.028,3.6,0.014,0.071,3.6,,,,,,117%,0.023,2.8,0.011,0.043,2.8,,,,,,20.7,1.9,0.007,0.02,1.9,,,,,,0,1,0
8,13,3,37,81XAA04,2,17%,0.033,6.5,0.026,0.23,6.3,1.6,,,,,0,43.4,,,,,,,6,0.025,0.197,5.8,1.6,,,,,0,,,0,NA,NA,,,,,,,77%,0.048,4.5,0.019,0.112,4.3,1.4,,,,,2,0,47%,0.02,3.4,0.013,0.063,3.4,,,,,,45%,0.013,2.8,0.011,0.043,2.8,,,,,,20.8,2.3,0.01,0.03,2.1,1,,,,,0,1,0
8,14,3,37,81XAA04,1,20%,0.03,5.7,0.02,0.177,5.7,,,,,,0,43.9,,,,,,,5.2,0.018,0.147,5.2,,,,,,0,,,0,NA,NA,,,,,,,47%,0.028,4,0.015,0.087,4,,,,,,2,0,49%,0.02,3.3,0.012,0.059,3.3,,,,,,125%,0.022,2.7,0.01,0.04,2.7,,,,,,19.8,1.8,0.006,0.018,1.8,,,,,,0,1,0
8,15,3,37,81XAA04,0,,,0,NA,NA,,,,,,,0,,,,,,,,0,NA,NA,,,,,,,0,,,0,NA,NA,,,,,,,,,0,NA,NA,,,,,,,2,0,,,0,NA,NA,,,,,,,,,0,NA,NA,,,,,,,,0,NA,NA,,,,,,,0,1,0
8,16,3,37,81XAA04,1,0%,0,3.5,0.007,0.067,3.5,,,,,,0,31.4,,,,,,,3.5,0.008,0.067,3.5,,,,,,0,,,0,NA,NA,,,,,,,17%,0.006,2.7,0.007,0.04,2.7,,,,,,2,0,29%,0.008,2.5,0.007,0.034,2.5,,,,,,-7%,-0.002,2.2,0.007,0.026,2.2,,,,,,14.7,2.3,0.009,0.028,2.2,0.6,,,,,0,1,0
8,17,6,36,84XAA04,1,15%,0.026,6.1,0.023,0.203,6.1,,,,,,0,39.9,,,,,,,5.7,0.022,0.177,5.7,,,,,,0,,,0,NA,NA,,,,,,,36%,0.024,4.1,0.015,0.091,4,0.8,,,,,2,0,35%,0.017,3.5,0.013,0.067,3.4,0.8,,,,,90%,0.023,3,0.012,0.049,2.9,0.8,,,,,19.9,2.2,0.009,0.026,2.1,0.6,,,,,0,1,0
8,18,6,36,84XAA04,1,13%,0.028,6.6,0.026,0.238,6.6,,,,,,0,41.1,,,,,,,6.2,0.026,0.21,6.2,,,,,,0,,,0,NA,NA,,,,,,,70%,0.05,4.7,0.02,0.12,4.7,,,,,,2,0,78%,0.031,3.6,0.014,0.071,3.6,,,,,,51%,0.013,2.7,0.01,0.04,2.7,,,,,,20.4,2.2,0.009,0.026,2.2,,,,,,0,1,0
8,19,6,36,84XAA04,0,,,0,NA,NA,,,,,,,0,,,,,,,,0,NA,NA,,,,,,,0,,,0,NA,NA,,,,,,,92%,0.017,2.6,0.006,0.036,1.3,1.1,1.9,,,,2,0,4%,0.001,1.8,0.004,0.018,1.3,1.1,0.7,,,,23%,0.003,1.8,0.004,0.018,1.3,1.1,0.6,,,,13.6,1.6,0.005,0.015,1.1,0.9,0.8,,,,2,1,0
8,20,6,36,84XAA04,1,20%,0.019,4.5,0.012,0.11,4.5,,,,,,0,40.6,,,,,,,4.1,0.011,0.092,4.1,,,,,,0,,,0,NA,NA,,,,,,,42%,0.016,3.1,0.009,0.052,3.1,,,,,,2,0,28%,0.008,2.6,0.007,0.037,2.6,,,,,,107%,0.015,2.3,0.007,0.029,2.3,,,,,,18,1.6,0.005,0.014,1.6,,,,,,0,1,0
9,1,2,41,85XAA04,0,,,0,NA,NA,,,,,,,0,,,,,,,,0,NA,NA,,,,,,,0,,,0,NA,NA,,,,,,,27%,0.001,0.9,0.001,0.004,0.9,,,,,,4,0,31%,0.001,0.8,0.001,0.003,0.8,,,,,,96%,0.001,0.7,0.001,0.003,0.7,,,,,,10.5,0.5,0,0.001,0.5,,,,,,0,0,0
9,2,2,41,85XAA04,0,,,0,NA,NA,,,,,,,0,17.4,,,,,,,1.9,0.002,0.02,1.9,,,,,,0,,,0,NA,NA,,,,,,,28%,0.003,1.7,0.003,0.016,1.7,,,,,,3,0,0%,0,1.5,0.002,0.012,1.5,,,,,,178%,0.008,1.5,0.003,0.012,1.5,,,,,,14,0.9,0.001,0.004,0.9,,,,,,0,0,0
9,3,2,41,85XAA04,0,,,0,NA,NA,,,,,,,0,,,,,,,,0,NA,NA,,,,,,,0,,,0,NA,NA,,,,,,,,,0,NA,NA,,,,,,,,,0%,0,0.2,0,0,0.2,,,,,,300%,0,0.2,0,0,0.2,,,,,,5.9,0.1,0,0,0.1,,,,,,0,0,0
9,4,2,41,85XAA04,0,,,0,NA,NA,,,,,,,0,,,,,,,,0,NA,NA,,,,,,,0,,,0,NA,NA,,,,,,,,,0,NA,NA,,,,,,,,,,,0,NA,NA,,,,,,,,,0,NA,NA,,,,,,,10.4,0.8,0.001,0.003,0.8,,,,,,0,0,0
9,5,2,42,80XAA04,1,22%,0.072,8.6,0.045,0.403,8.6,,,,,,0,48.3,,,,,17%,0.049,7.8,0.041,0.332,7.8,,,,,,0,35%,0.073,7.2,0.04,0.283,7.2,,,,,,54%,0.073,6.2,0.035,0.21,6.2,,,,,,2,0,35%,0.036,5,0.027,0.136,5,,,,,,72%,0.042,4.3,0.025,0.101,4.3,,,,,,22.7,3.3,0.02,0.059,3.2,0.7,,,,,0,1,0
9,6,2,42,80XAA04,1,21%,0.072,8.7,0.046,0.413,8.7,,,,,,0,40.5,,,,,17%,0.05,7.9,0.043,0.34,7.9,,,,,,0,34%,0.074,7.3,0.042,0.291,7.3,,,,,,65%,0.086,6.3,0.036,0.216,6.3,,,,,,2,0,66%,0.052,4.9,0.026,0.131,4.9,,,,,,41%,0.023,3.8,0.02,0.079,3.8,,,,,,23.6,3.2,0.019,0.056,3.2,,,,,,0,1,0
9,7,2,42,80XAA04,1,9%,0.024,7.5,0.034,0.307,7.5,,,,,,0,41.6,,,,,31%,0.066,7.2,0.035,0.283,7.2,,,,,,0,31%,0.051,6.3,0.031,0.216,6.3,,,,,,43%,0.05,5.5,0.027,0.165,5.5,,,,,,2,0,55%,0.041,4.6,0.023,0.115,4.6,,,,,,58%,0.027,3.7,0.019,0.075,3.7,,,,,,24.5,2.9,0.016,0.047,2.8,0.9,,,,,0,1,0
9,8,2,42,80XAA04,2,15%,0.062,9.3,0.053,0.476,6.9,6.3,,,,,0,39.9,39.3,,,,29%,0.094,8.7,0.052,0.414,6.5,5.8,,,,,0,26%,0.066,7.7,0.046,0.32,5.8,5,,,,,56%,0.091,6.8,0.042,0.254,5.3,4.3,,,,,2,0,37%,0.044,5.5,0.033,0.163,4.2,3.5,,,,,75%,0.051,4.7,0.03,0.119,3.5,3.1,,,,,21.2,3.5,0.023,0.068,2.6,2.4,,,,,0,1,0
9,9,3,43,84XAA04,2,8%,0.01,5,0.015,0.136,4.8,1.4,,,,,0,37.5,,,,,,,4.8,0.016,0.126,4.6,1.4,,,,,0,,,0,NA,NA,,,,,,,55%,0.026,3.7,0.012,0.074,3.4,1.4,,,,,2,0,29%,0.011,3,0.01,0.048,2.7,1.2,,,,,76%,0.016,2.6,0.009,0.037,2.4,1,,,,,19.7,2,0.007,0.021,1.8,0.6,0.5,,,,0,1,0
9,10,3,43,84XAA04,2,23%,0.052,7.2,0.031,0.281,6.9,2,,,,,0,38.4,,,,,,,6.5,0.029,0.229,6.2,1.9,,,,,0,,,0,NA,NA,,,,,,,49%,0.042,4.9,0.022,0.129,4.6,1.6,,,,,2,0,41%,0.025,4,0.017,0.087,3.7,1.5,,,,,100%,0.031,3.4,0.015,0.062,3.1,1.3,,,,,21.6,2.4,0.01,0.031,2.2,0.8,0.4,,,,0,1,0
9,11,3,43,84XAA04,2,0%,0,3.4,0.007,0.063,2.4,2.4,,,,,0,32.1,30.1,,,,,,3.4,0.008,0.063,2.4,2.4,,,,,0,,,0,NA,NA,,,,,,,41%,0.011,2.7,0.007,0.039,2,1.8,,,,,2,0,22%,0.005,2.3,0.006,0.028,1.7,1.5,,,,,111%,0.012,2.1,0.006,0.023,1.5,1.4,,,,,16.2,1.4,0.004,0.011,1,1,,,,,0,1,0
9,12,3,43,84XAA04,1,5%,0.004,4,0.01,0.087,4,,,,,,0,34.6,,,,,,,3.9,0.01,0.083,3.9,,,,,,0,,,0,NA,NA,,,,,,,93%,0.016,2.5,0.006,0.034,2.5,,,,,,2,0,65%,0.007,1.8,0.004,0.018,1.8,,,,,,444%,0.009,1.4,0.003,0.011,1.4,,,,,,15.8,0.6,0.001,0.002,0.6,,,,,,0,1,0
9,13,3,44,80XAA04,2,20%,0.048,7.2,0.032,0.284,5.2,5,,,,,0,37.9,35.4,,,,26%,0.048,6.6,0.029,0.236,4.7,4.6,,,,,0,41%,0.054,5.9,0.027,0.188,4.2,4.1,,,,,56%,0.048,4.9,0.022,0.134,3.5,3.5,,,,,3,0,70%,0.035,4,0.017,0.086,2.8,2.8,,,,,172%,0.032,3,0.013,0.05,2.2,2.1,,,,,19.5,1.8,0.006,0.019,1.4,1.2,,,,,0,1,0
9,14,3,44,80XAA04,1,20%,0.043,6.8,0.028,0.252,6.8,,,,,,0,34.7,,,,,18%,0.032,6.2,0.026,0.21,6.2,,,,,,0,25%,0.035,5.7,0.025,0.177,5.7,,,,,,63%,0.055,5.1,0.024,0.142,5.1,,,,,,2,0,66%,0.035,4,0.017,0.087,4,,,,,,118%,0.028,3.1,0.013,0.052,3.1,,,,,,20.9,2.1,0.008,0.024,2.1,,,,,,0,1,0
9,15,3,44,80XAA04,3,9%,0.019,6.6,0.026,0.238,5.1,3.7,2,,,,0,29.9,29.3,19.9,,,41%,0.064,6.3,0.027,0.22,4.9,3.5,2,,,,0,30%,0.036,5.3,0.022,0.156,4,3,1.9,,,,54%,0.042,4.7,0.02,0.12,3.4,2.7,1.8,,,,2,0,71%,0.033,3.8,0.016,0.078,2.7,2.2,1.5,,,,153%,0.028,2.9,0.011,0.046,2.1,1.6,1.2,,,,16.6,1.8,0.006,0.018,1.3,1,0.8,,,,0,1,0
9,16,3,44,80XAA04,1,5%,0.004,3.9,0.009,0.083,3.9,,,,,,0,31.8,,,,,33%,0.019,3.8,0.01,0.079,3.8,,,,,,0,29%,0.014,3.3,0.008,0.059,3.3,,,,,,74%,0.019,2.9,0.008,0.046,2.9,,,,,,2,0,67%,0.011,2.2,0.005,0.026,2.2,,,,,,139%,0.009,1.7,0.004,0.016,1.7,,,,,,14.5,1.1,0.002,0.007,1.1,,,,,,0,1,0
9,17,6,45,83XAA04,2,24%,0.073,8.4,0.043,0.385,6.6,5.2,,,,,0,37.7,35.9,,,,13%,0.035,7.6,0.039,0.312,6,4.6,,,,,0,21%,0.048,7.1,0.04,0.277,5.6,4.4,,,,,41%,0.067,6.5,0.038,0.229,5.1,4,,,,,2,0,83%,0.073,5.4,0.032,0.162,4.2,3.2,1,0.9,,,88%,0.041,4,0.022,0.089,3.1,2.2,1,0.9,,,21.4,2.9,0.016,0.047,2.3,1.5,0.8,0.7,,,0,1,0
9,18,6,45,83XAA04,4,0%,0,5.1,0.016,0.143,3.7,2.4,1.9,1.8,,,0,31.1,30,22,18.7,,33%,0.036,5.1,0.018,0.143,3.7,2.4,1.9,1.8,,,0,5%,0.005,4.4,0.015,0.108,3.3,2.2,2,,,,36%,0.027,4.3,0.017,0.102,3,1.9,1.8,1.7,,,2,0,87%,0.035,3.7,0.015,0.075,2.4,1.6,1.7,1.6,,,69%,0.016,2.7,0.01,0.04,1.8,1.3,1.2,1,,,18.1,2.1,0.008,0.024,1.3,1,0.9,0.7,0.6,,0,1,0
9,19,6,45,83XAA04,2,19%,0.053,7.8,0.037,0.333,7.3,2.8,,,,,0,36.1,22.2,,,,22%,0.05,7.2,0.035,0.28,6.6,2.8,,,,,0,23%,0.043,6.5,0.033,0.23,6,2.5,,,,,55%,0.067,5.9,0.031,0.187,5.3,2.5,,,,,2,0,40%,0.035,4.7,0.024,0.121,4.1,2.3,,,,,82%,0.039,4,0.021,0.086,3.3,2.2,,,,,21.5,2.9,0.016,0.047,2.4,1.7,,,,,0,1,0
9,20,6,45,83XAA04,5,15%,0.079,10.6,0.067,0.607,6.3,5.9,4.2,3.1,3.1,,0,36.2,32.3,30.9,26.7,22.5,72%,0.222,9.8,0.066,0.528,5.9,5.6,3.8,3,2.7,,0,7%,0.02,7.5,0.044,0.307,4.9,3.6,3.2,2.4,1.8,,67%,0.115,7.2,0.048,0.286,4.4,4,2.9,2.4,1.8,,2,0,67%,0.069,5.6,0.034,0.171,3.4,3,2.2,2,1.4,,72%,0.043,4.3,0.026,0.103,2.8,2.2,1.6,1.6,1,,20.8,3.3,0.02,0.06,1.9,1.7,1.4,1.4,0.7,,0,1,0
10,1,2,50,84XAA04,2,25%,0.094,9.3,0.053,0.473,9,2.4,,,,,0,38.5,,,,,,,8.3,0.047,0.38,8.1,2,,,,,0,,,0,NA,NA,,,,,,,108%,0.114,6.3,0.036,0.219,6.2,1.3,,,,,2,0,80%,0.047,4.4,0.021,0.105,4.3,0.9,,,,,130%,0.033,3.3,0.015,0.059,3.2,0.7,,,,,22.5,2.2,0.008,0.025,2.1,0.5,,,,,0,1,0
10,2,2,50,84XAA04,0,,,0,NA,NA,,,,,,,0,12.9,,,,,,,1.2,0.001,0.008,1.2,,,,,,0,,,0,NA,NA,,,,,,,27%,0.001,0.9,0.001,0.004,0.9,,,,,,2,0,-36%,-0.002,0.8,0.001,0.003,0.8,,,,,,56%,0.002,1,0.001,0.005,1,,,,,,10.7,0.8,0.001,0.003,0.8,,,,,,1,1,0
10,3,2,50,84XAA04,1,8%,0.012,5.4,0.018,0.159,5.4,,,,,,0,39.7,,,,,,,5.2,0.018,0.147,5.2,,,,,,0,,,0,NA,NA,,,,,,,54%,0.025,3.6,0.012,0.071,3.6,,,,,,2,0,35%,0.012,2.9,0.009,0.046,2.9,,,,,,18%,0.005,2.5,0.009,0.034,2.5,,,,,,20.2,2.3,0.01,0.029,2.3,,,,,,0,1,0
10,4,2,50,84XAA04,3,23%,0.082,9,0.049,0.438,6.9,5.4,1.9,,,,0,40,39,,,,,,8.1,0.045,0.357,6.3,4.7,1.9,,,,0,,,0,NA,NA,,,,,,,68%,0.083,6.1,0.034,0.205,4.7,3.6,1.6,,,,2,0,62%,0.047,4.7,0.024,0.122,3.5,2.8,1.5,,,,151%,0.045,3.7,0.019,0.075,2.7,2.3,1.1,,,,21.2,2.3,0.01,0.03,1.7,1.5,0.6,,,,0,1,0
10,5,2,49,17XGA04,3,3%,0.004,4.8,0.014,0.124,3.7,2.4,1.8,,,,0,36.5,31.9,,,,,,4.7,0.015,0.12,3.6,2.4,1.8,,,,0,,,0,NA,NA,,,,,,,29%,0.017,3.6,0.012,0.073,2.6,2,1.6,,,,2,0,33%,0.014,3.2,0.011,0.056,2.2,1.7,1.6,,,,87%,0.02,2.8,0.011,0.042,1.8,1.5,1.5,,,,18.3,2,0.008,0.023,1.3,1.2,1,,,,1,1,0
10,6,2,49,17XGA04,1,0%,0,3.7,0.008,0.075,3.7,,,,,,0,36.5,,,,,,,3.7,0.009,0.075,3.7,,,,,,0,,,0,NA,NA,,,,,,,36%,0.014,3.1,0.009,0.054,2.7,1.4,0.8,,,,2,0,64%,0.015,2.7,0.008,0.04,2.3,1.4,,,,,83%,0.011,2.1,0.006,0.024,1.9,0.9,,,,,19.4,1.6,0.004,0.013,1.2,0.7,0.7,,,,1,1,0
10,7,2,49,17XGA04,2,4%,0.005,4.6,0.013,0.115,4.4,1.3,,,,,0,43.2,,,,,,,4.5,0.014,0.11,4.3,1.3,,,,,0,,,0,NA,NA,,,,,,,47%,0.023,3.6,0.012,0.07,3.3,1.4,,,,,2,0,37%,0.013,3,0.01,0.048,2.6,1.4,,,,,137%,0.02,2.5,0.009,0.035,2.1,1.4,,,,,20.2,1.6,0.005,0.015,1.3,1,,,,,1,1,0
10,8,2,49,17XGA04,2,0%,0,3,0.006,0.05,2.7,1.4,,,,,0,33.3,,,,,,,3,0.006,0.05,2.7,1.4,,,,,0,,,0,NA,NA,,,,,,,14%,0.005,2.7,0.007,0.04,2.3,1.4,,,,,2,0,36%,0.009,2.5,0.007,0.035,2.1,1.4,,,,,101%,0.013,2.2,0.006,0.026,1.8,1.2,,,,,14.5,1.5,0.004,0.013,1.3,0.8,,,,,1,1,0
10,9,3,48,2XT4E04,2,0%,0,3.6,0.008,0.071,2.7,2.4,,,,,0,33.7,31.4,,,,,,3.6,0.009,0.071,2.7,2.4,,,,,0,,,0,NA,NA,,,,,,,41%,0.011,2.6,0.006,0.037,1.9,1.8,,,,,2,0,67%,0.011,2.2,0.005,0.026,1.7,1.4,,,,,292%,0.012,1.7,0.004,0.016,1.3,1.1,,,,,15.4,0.9,0.001,0.004,0.7,0.5,,,,,1,0,0
10,10,3,48,2XT4E04,0,,,0,NA,NA,,,,,,,0,,,,,,,,0,NA,NA,,,,,,,0,,,0,NA,NA,,,,,,,,,0,NA,NA,,,,,,,,,,,0,NA,NA,,,,,,,,,0,NA,NA,,,,,,,,0,NA,NA,,,,,,,,,
10,11,3,48,2XT4E04,2,4%,0.003,4,0.01,0.089,3.1,2.6,,,,,0,35.6,35.6,,,,,,4,0.011,0.086,3,2.6,,,,,0,,,0,NA,NA,,,,,,,59%,0.018,3,0.008,0.049,2.2,1.9,0.7,,,,2,0,93%,0.015,2.4,0.006,0.031,1.6,1.6,0.7,,,,494%,0.013,1.7,0.004,0.016,1.1,1.1,0.7,,,,14.9,0.7,0.001,0.003,0.5,0.4,0.2,0.2,,,1,0,0
10,12,3,48,2XT4E04,0,,,0,NA,NA,,,,,,,0,,,,,,,,0,NA,NA,,,,,,,0,,,0,NA,NA,,,,,,,,,0,NA,NA,,,,,,,,,,,0,NA,NA,,,,,,,,,0,NA,NA,,,,,,,,0,NA,NA,,,,,,,,,
10,13,3,47,85XAA04,1,0%,0,2,0.002,0.022,2,,,,,,0,23.1,,,,,,,2,0.003,0.022,2,,,,,,0,,,0,NA,NA,,,,,,,65%,0.007,1.8,0.003,0.018,1.8,,,,,,2,0,96%,0.005,1.4,0.002,0.011,1.4,,,,,,178%,0.003,1,0.001,0.005,1,,,,,,13.1,0.6,0.001,0.002,0.6,,,,,,1,1,0
10,14,3,47,85XAA04,0,,,0,NA,NA,,,,,,,0,,,,,,,,0,NA,NA,,,,,,,0,,,0,NA,NA,,,,,,,,,0,NA,NA,,,,,,,,,,,0,NA,NA,,,,,,,,,0,NA,NA,,,,,,,,0,NA,NA,,,,,,,1,1,0
10,15,3,47,85XAA04,0,,,0,NA,NA,,,,,,,0,,,,,,,,0,NA,NA,,,,,,,0,,,0,NA,NA,,,,,,,,,0,NA,NA,,,,,,,,,0%,0,0.7,0.001,0.003,0.7,,,,,,1125%,0.002,0.7,0.001,0.003,0.7,,,,,,9.7,0.2,0,0,0.2,,,,,,1,1,0
10,16,3,47,85XAA04,0,,,0,NA,NA,,,,,,,0,17.6,,,,,,,1.3,0.001,0.009,1.3,,,,,,0,,,0,NA,NA,,,,,,,69%,0.004,1.3,0.002,0.009,1.3,,,,,,3,0,0%,0,1,0.001,0.005,1,,,,,,104%,0.003,1,0.001,0.005,1,,,,,,12.9,0.7,0.001,0.003,0.7,,,,,,2,1,0
10,17,6,46,80XAA04,1,31%,0.081,7.9,0.038,0.34,7.9,,,,,,0,39.7,,,,,20%,0.043,6.9,0.032,0.26,6.9,,,,,,0,12%,0.024,6.3,0.031,0.216,6.3,,,,,,96%,0.094,5.9,0.032,0.193,5.8,1.3,,,,,2,0,49%,0.032,4.2,0.02,0.098,4.1,1.1,,,,,109%,0.034,3.5,0.016,0.066,3.3,1.1,,,,,23.5,2.4,0.011,0.032,2.3,0.7,,,,,0,1,0
10,18,6,46,80XAA04,0,,,0,NA,NA,,,,,,,0,,,,,,,,0,NA,NA,,,,,,,0,,,0,NA,NA,,,,,,,,,0,NA,NA,,,,,,,,,0%,0,0.9,0.001,0.004,0.9,,,,,,65%,0.002,0.9,0.001,0.004,0.9,,,,,,10.7,0.7,0.001,0.003,0.7,,,,,,1,0,0
10,19,6,46,80XAA04,1,0%,0,5.8,0.02,0.183,5.8,,,,,,0,31.9,,,,,66%,0.073,5.8,0.023,0.183,5.8,,,,,,0,40%,0.032,4.5,0.016,0.11,4.5,,,,,,72%,0.033,3.8,0.013,0.079,3.8,,,,,,2,0,46%,0.014,2.9,0.009,0.046,2.9,,,,,,64%,0.012,2.4,0.008,0.031,2.4,,,,,,17.5,1.9,0.006,0.019,1.2,0.7,0.7,0.7,0.6,0.5,1,1,0
10,20,6,46,80XAA04,2,13%,0.009,3.8,0.009,0.081,3,2.4,,,,,0,26.7,25.6,,,,35%,0.018,3.6,0.009,0.071,2.7,2.4,,,,,0,49%,0.017,3.1,0.008,0.053,2.2,2.2,,,,,35%,0.009,2.5,0.006,0.035,1.8,1.8,,,,,2,0,66%,0.01,2.2,0.005,0.026,1.6,1.5,,,,,123%,0.009,1.7,0.004,0.016,1.3,1.1,,,,,14.7,1.1,0.002,0.007,0.9,0.7,,,,,0,1,0
11,1,1,51,NM6,2,0%,0,5.4,0.018,0.162,4,3.7,,,,,2,27.3,23.6,,,,23%,0.03,5.4,0.02,0.162,4,3.7,,,,,0,47%,0.042,4.9,0.019,0.132,3.9,3,,,,,31%,0.021,4.1,0.015,0.09,3.2,2.5,,,,,2,1,74%,0.029,3.6,0.014,0.069,3,1.9,,,,,233%,0.028,2.7,0.01,0.04,2.3,1.4,,,,,20.5,1.5,0.004,0.012,1.3,0.7,,,,,0,0,0
11,2,1,51,NM6,1,14%,0.041,7.8,0.037,0.332,7.8,,,,,,2,33.8,,,,,39%,0.081,7.3,0.036,0.291,7.3,,,,,,2,32%,0.051,6.2,0.03,0.21,6.2,,,,,,58%,0.058,5.4,0.027,0.159,5.4,,,,,,2,0,60%,0.038,4.3,0.02,0.101,4.3,,,,,,119%,0.034,3.4,0.016,0.063,3.4,,,,,,25,2.3,0.01,0.029,2.3,,,,,,0,0,0
11,3,1,51,NM6,1,0%,0,7.4,0.033,0.299,7.4,,,,,,2,34.7,,,,,57%,0.109,7.4,0.037,0.299,7.4,,,,,,2,7%,0.013,5.9,0.027,0.19,5.9,,,,,,54%,0.062,5.7,0.03,0.177,5.7,,,,,,2,0,213%,0.079,4.6,0.023,0.115,4.6,,,,,,8%,0.003,2.6,0.009,0.037,2.6,,,,,,25.1,2.5,0.011,0.034,2.5,,,,,,0,0,0
11,4,1,51,NM6,1,17%,0.022,5.3,0.017,0.153,5.3,,,,,,2,34.9,,,,,19%,0.021,4.9,0.016,0.131,4.9,,,,,,2,20%,0.019,4.5,0.016,0.11,4.5,,,,,,64%,0.036,4.1,0.015,0.092,4.1,,,,,,2,0,51%,0.019,3.2,0.011,0.056,3.2,,,,,,164%,0.023,2.6,0.009,0.037,2.6,,,,,,23.3,1.6,0.005,0.014,1.6,,,,,,0,0,0
11,5,2,52,NM6,1,21%,0.041,6.5,0.026,0.23,6.5,,,,,,2,33.4,,,,,34%,0.048,5.9,0.024,0.19,5.9,,,,,,2,4%,0.006,5.1,0.02,0.142,5.1,,,,,,42%,0.04,5,0.023,0.136,5,,,,,,2,0,96%,0.047,4.2,0.019,0.096,4.2,,,,,,125%,0.027,3,0.012,0.049,3,,,,,,24,2,0.007,0.022,2,,,,,,0,0,1
11,6,2,52,NM6,1,23%,0.038,6.1,0.023,0.203,6.1,,,,,,2,36.4,,,,,8%,0.012,5.5,0.021,0.165,5.5,,,,,,0,4%,0.006,5.3,0.022,0.153,5.3,,,,,,78%,0.065,5.2,0.025,0.147,5.2,,,,,,2,2,69%,0.034,3.9,0.017,0.083,3.9,,,,,,125%,0.027,3,0.012,0.049,3,,,,,,25.7,2,0.007,0.022,2,,,,,,0,0,0
11,7,2,52,NM6,1,29%,0.055,6.7,0.027,0.245,6.7,,,,,,2,32.8,,,,,7%,0.013,5.9,0.024,0.19,5.9,,,,,,2,20%,0.03,5.7,0.025,0.177,5.7,,,,,,46%,0.047,5.2,0.025,0.147,5.2,,,,,,2,2,60%,0.038,4.3,0.02,0.101,4.3,,,,,,139%,0.037,3.4,0.016,0.063,3.4,,,,,,27.6,2.2,0.009,0.026,2.2,,,,,,0,0,0
11,8,2,52,NM6,2,7%,0.029,9.2,0.051,0.462,7.3,5.6,,,,,2,36,35.5,,,,21%,0.075,8.9,0.054,0.433,7.3,5.1,,,,,0,30%,0.083,8.1,0.051,0.358,6.8,4.4,,,,,39%,0.077,7.1,0.046,0.275,6,3.8,,,,,2,0,57%,0.072,6,0.04,0.198,5.1,3.2,,,,,99%,0.063,4.8,0.031,0.126,4.1,2.5,,,,,27,3.4,0.021,0.063,3,1.6,,,,,0,0,0
11,9,3,53,NM6,0,,,0,NA,NA,,,,,,,0,,,,,,,,0,NA,NA,,,,,,,0,,,0,NA,NA,,,,,,,,,0,NA,NA,,,,,,,,,,,0,NA,NA,,,,,,,,,0,NA,NA,,,,,,,,0,NA,NA,,,,,,,0,0,0
11,10,3,53,NM6,2,22%,0.057,7.6,0.035,0.319,5.7,5.1,,,,,2,38.4,36.4,,,,28%,0.058,6.9,0.033,0.262,5,4.8,,,,,2,44%,0.063,6.1,0.029,0.204,4.4,4.3,,,,,35%,0.037,5.1,0.024,0.141,3.6,3.6,,,,,2,2,73%,0.044,4.4,0.021,0.105,3.1,3.1,,,,,163%,0.038,3.3,0.015,0.06,2.5,2.2,,,,,24,2.1,0.008,0.023,1.5,1.4,,,,,0,0,0
11,11,3,53,NM6,1,32%,0.079,7.7,0.036,0.323,7.7,,,,,,2,38.9,,,,,13%,0.028,6.7,0.031,0.245,6.7,,,,,,2,31%,0.051,6.3,0.031,0.216,6.3,,,,,,43%,0.05,5.5,0.027,0.165,5.5,,,,,,2,0,83%,0.052,4.6,0.023,0.115,4.6,,,,,,119%,0.034,3.4,0.016,0.063,3.4,,,,,,25.1,2.3,0.01,0.029,2.3,,,,,,0,0,0
11,12,3,53,NM6,1,13%,0.044,8.3,0.042,0.376,8.3,,,,,,0,42.4,,,,,5%,0.017,7.8,0.041,0.332,7.8,,,,,,0,84%,0.144,7.6,0.045,0.315,7.6,,,,,,48%,0.056,5.6,0.029,0.171,5.6,,,,,,2,2,73%,0.049,4.6,0.023,0.115,4.6,,,,,,113%,0.035,3.5,0.017,0.067,3.5,,,,,,24.1,2.4,0.01,0.031,2.4,,,,,,0,0,0
11,13,4,54,NM6,1,0%,0,4.4,0.012,0.106,4.4,,,,,,2,37.3,,,,,0%,0,4.4,0.013,0.106,4.4,,,,,,0,130%,0.06,4.4,0.015,0.106,4.4,,,,,,74%,0.019,2.9,0.008,0.046,2.9,,,,,,2,0,115%,0.014,2.2,0.005,0.026,2.2,,,,,,325%,0.009,1.5,0.003,0.012,1.5,,,,,,16.2,0.7,0.001,0.003,0.7,0.2,,,,,0,0,0
11,14,4,54,NM6,1,12%,0.008,3.6,0.008,0.071,3.6,,,,,,0,30.9,,,,,6%,0.004,3.4,0.008,0.063,3.4,,,,,,0,125%,0.033,3.3,0.008,0.059,3.3,,,,,,115%,0.014,2.2,0.004,0.026,2.2,,,,,,2,0,252%,0.009,1.5,0.002,0.012,1.5,,,,,,357%,0.003,0.8,0.001,0.003,0.8,,,,,,13.1,0.4,0,0.001,0.3,0.2,0.1,,,,0,0,0
11,15,4,54,NM6,1,4%,0.006,5.5,0.018,0.165,5.5,,,,,,2,35.3,,,,,12%,0.017,5.4,0.02,0.159,5.4,,,,,,0,112%,0.075,5.1,0.02,0.142,5.1,,,,,,46%,0.021,3.5,0.011,0.067,3.5,,,,,,2,0,91%,0.022,2.9,0.009,0.046,2.9,,,,,,213%,0.016,2.1,0.006,0.024,2.1,,,,,,19.5,1.2,0.003,0.008,1,0.5,0.4,,,,0,0,0
11,16,4,54,NM6,1,14%,0.026,6.2,0.023,0.21,6.2,,,,,,2,37.4,,,,,7%,0.012,5.8,0.023,0.183,5.8,,,,,,2,78%,0.075,5.6,0.024,0.171,5.6,,,,,,51%,0.033,4.2,0.016,0.096,4.2,,,,,,2,2,103%,0.032,3.4,0.013,0.064,3.2,1.2,,,,,241%,0.022,2.4,0.008,0.031,2.4,,,,,,21.4,1.3,0.003,0.009,1.3,,,,,,0,0,0
11,17,5,55,NM6,1,12%,0.031,7.3,0.032,0.291,7.3,,,,,,2,39.2,,,,,6%,0.015,6.9,0.032,0.26,6.9,,,,,,0,43%,0.074,6.7,0.035,0.245,6.7,,,,,,48%,0.056,5.6,0.029,0.171,5.6,,,,,,2,0,73%,0.049,4.6,0.023,0.115,4.6,,,,,,113%,0.035,3.5,0.017,0.067,3.5,,,,,,23.6,2.4,0.01,0.031,2.4,,,,,,0,0,0
11,18,5,55,NM6,1,0%,0,6.4,0.025,0.223,6.4,,,,,,2,39.1,,,,,14%,0.027,6.4,0.028,0.223,6.4,,,,,,0,50%,0.065,6,0.028,0.196,6,,,,,,43%,0.039,4.9,0.022,0.131,4.9,,,,,,2,0,64%,0.036,4.1,0.018,0.092,4.1,,,,,,355%,0.044,3.2,0.014,0.056,3.2,,,,,,22.5,1.5,0.004,0.012,1.5,,,,,,0,0,1
11,19,5,55,NM6,1,14%,0.026,6.2,0.023,0.21,6.2,,,,,,2,42,,,,,0%,0,5.8,0.023,0.183,5.8,,,,,,0,35%,0.047,5.8,0.026,0.183,5.8,,,,,,104%,0.07,5,0.023,0.136,5,,,,,,2,0,68%,0.027,3.5,0.013,0.067,3.5,,,,,,272%,0.029,2.7,0.01,0.04,2.7,,,,,,21.2,1.4,0.004,0.011,1.4,,,,,,0,0,1
11,20,5,55,NM6,1,24%,0.037,5.9,0.021,0.19,5.9,,,,,,2,38.6,,,,,0%,0,5.3,0.019,0.153,5.3,,,,,,0,117%,0.083,5.3,0.022,0.153,5.3,,,,,,92%,0.034,3.6,0.012,0.071,3.6,,,,,,2,0,87%,0.017,2.6,0.007,0.037,2.6,,,,,,261%,0.014,1.9,0.005,0.02,1.9,,,,,,18.3,1,0.002,0.005,1,,,,,,0,0,0
12,17,6,56,NM6,1,21%,0.041,6.6,0.026,0.238,6.6,,,,,,2,40,,,,,221%,0.135,6,0.025,0.196,6,,,,,,0,-22%,-0.017,3.4,0.009,0.061,3.4,,,,,,100%,0.039,3.8,0.013,0.079,3.6,1.2,,,,,2,0,208%,0.027,2.7,0.008,0.039,2.4,1.2,,,,,160%,0.008,1.5,0.003,0.013,1.5,0.3,,,,,16.9,0.9,0.002,0.005,0.7,0.5,0.4,,,,0,0,0
12,18,6,56,NM6,4,8%,0.027,8.3,0.042,0.377,7.5,2.7,1.9,1.4,,,2,32.8,16.9,,,,57%,0.127,8,0.044,0.35,7.2,2.6,1.9,1.4,,,2,67%,0.089,6.4,0.032,0.223,5.7,2,1.7,1.2,,,66%,0.053,5,0.022,0.134,4.3,1.6,1.5,1.1,,,2,1,50%,0.027,3.8,0.016,0.081,3.2,1.8,0.8,0.8,,,182%,0.035,3.1,0.013,0.054,2.3,1.8,0.8,0.8,,,20.5,1.9,0.006,0.019,1.5,0.8,0.5,0.5,0.3,,0,0,1
12,19,6,56,NM6,1,30%,0.084,8.2,0.041,0.367,8.2,,,,,,2,34.5,,,,,15%,0.038,7.2,0.035,0.283,7.2,,,,,,2,60%,0.092,6.7,0.035,0.245,6.7,,,,,,52%,0.052,5.3,0.026,0.153,5.3,,,,,,2,1,60%,0.038,4.3,0.02,0.101,4.3,,,,,,119%,0.034,3.4,0.016,0.063,3.4,,,,,,23.2,2.3,0.01,0.029,2.3,,,,,,0,0,0
12,20,6,56,NM6,2,3%,0.006,6.4,0.024,0.22,5.3,3.5,,,,,2,34.2,27.2,,,,40%,0.061,6.3,0.027,0.214,5.2,3.5,,,,,2,42%,0.046,5.3,0.022,0.153,4.5,2.8,,,,,75%,0.046,4.4,0.018,0.108,3.8,2.3,,,,,2,0,52%,0.021,3.4,0.012,0.062,3.1,1.3,,,,,220%,0.028,2.7,0.01,0.041,2.4,1.3,,,,,21.8,1.5,0.004,0.013,1.3,0.8,,,,,0,0,1
